seed,sleep
0,59
1,29
2,53
3,31
4,7
5,21
6,37
7,36
8,30
9,55
10,58
11,24
12,35
13,27
14,42
15,18
16,37
17,13
18,23
19,13
20,53
21,11
22,44
23,56
24,21
25,39
26,50
27,56
28,43
29,14
30,24
31,11
32,51
33,9
34,59
35,48
36,26
37,35
38,40
39,11
40,27
41,32
42,25
43,44
44,45
45,18
46,40
47,35
48,33
49,60
50,38
51,21
52,8
53,56
54,40
55,5
56,10
57,51
58,58
59,30
60,50
61,57
62,55
63,47
64,45
65,5
66,44
67,36
68,57
69,60
70,26
71,20
72,51
73,25
74,50
75,60
76,9
77,17
78,41
79,19
80,20
81,56
82,14
83,56
84,39
85,33
86,10
87,10
88,25
89,37
90,36
91,11
92,24
93,40
94,23
95,50
96,12
97,40
98,26
99,57
100,39
101,18
102,56
103,43
104,40
105,42
106,23
107,33
108,10
109,43
110,56
111,29
112,25
113,41
114,20
115,23
116,16
117,17
118,57
119,16
120,7
121,44
122,47
123,21
124,35
125,9
126,10
127,48
128,53
129,13
130,14
131,7
132,58
133,10
134,49
135,58
136,39
137,48
138,30
139,58
140,50
141,38
142,22
143,38
144,56
145,20
146,59
147,18
148,48
149,42
150,57
151,31
152,42
153,22
154,33
155,36
156,47
157,46
158,49
159,55
160,27
161,10
162,25
163,44
164,12
165,36
166,42
167,45
168,26
169,59
170,17
171,20
172,6
173,51
174,22
175,12
176,50
177,19
178,28
179,55
180,15
181,26
182,32
183,57
184,8
185,11
186,55
187,14
188,59
189,49
190,19
191,7
192,57
193,41
194,45
195,39
196,43
197,48
198,9
199,6
200,12
201,45
202,17
203,43
204,58
205,41
206,12
207,30
208,10
209,28
210,58
211,12
212,7
213,43
214,6
215,17
216,16
217,50
218,12
219,35
220,18
221,51
222,56
223,8
224,48
225,6
226,39
227,32
228,44
229,11
230,58
231,21
232,9
233,19
234,9
235,46
236,24
237,27
238,32
239,16
240,8
241,37
242,34
243,7
244,43
245,11
246,49
247,30
248,17
249,21
250,27
251,51
252,35
253,58
254,41
255,15
256,49
257,48
258,18
259,54
260,8
261,55
262,48
263,15
264,59
265,15
266,26
267,38
268,21
269,12
270,43
271,33
272,47
273,16
274,5
275,35
276,48
277,31
278,41
279,60
280,37
281,24
282,46
283,27
284,29
285,58
286,47
287,21
288,14
289,40
290,49
291,5
292,34
293,52
294,10
295,26
296,52
297,7
298,39
299,22
300,13
301,20
302,53
303,35
304,27
305,44
306,23
307,48
308,27
309,42
310,45
311,59
312,44
313,13
314,50
315,24
316,29
317,52
318,31
319,58
320,46
321,10
322,5
323,43
324,17
325,49
326,26
327,15
328,20
329,19
330,45
331,33
332,29
333,50
334,48
335,41
336,60
337,31
338,7
339,30
340,60
341,49
342,41
343,31
344,54
345,47
346,50
347,7
348,15
349,33
350,9
351,21
352,49
353,15
354,33
355,38
356,36
357,40
358,43
359,53
360,5
361,7
362,36
363,25
364,24
365,58
366,34
367,8
368,56
369,57
370,56
371,31
372,17
373,40
374,45
375,10
376,58
377,51
378,13
379,5
380,30
381,48
382,31
383,25
384,5
385,18
386,5
387,50
388,53
389,5
390,57
391,48
392,38
393,44
394,11
395,17
396,12
397,43
398,46
399,17
400,60
401,24
402,22
403,49
404,16
405,11
406,35
407,59
408,30
409,45
410,10
411,6
412,22
413,33
414,56
415,55
416,12
417,60
418,21
419,13
420,46
421,38
422,57
423,46
424,46
425,27
426,12
427,60
428,14
429,22
430,59
431,6
432,7
433,7
434,18
435,48
436,21
437,40
438,25
439,28
440,41
441,59
442,7
443,59
444,52
445,49
446,43
447,46
448,36
449,50
450,46
451,34
452,45
453,32
454,28
455,60
456,39
457,16
458,18
459,29
460,42
461,23
462,5
463,13
464,14
465,22
466,26
467,26
468,55
469,28
470,50
471,10
472,26
473,54
474,44
475,7
476,7
477,22
478,15
479,14
480,42
481,23
482,28
483,30
484,40
485,13
486,23
487,12
488,35
489,51
490,20
491,8
492,24
493,16
494,59
495,38
496,51
497,9
498,24
499,30
500,58
501,26
502,24
503,31
504,11
505,11
506,40
507,35
508,35
509,26
510,58
511,56
512,56
513,26
514,12
515,35
516,12
517,49
518,36
519,32
520,7
521,24
522,26
523,52
524,48
525,14
526,15
527,45
528,41
529,29
530,56
531,45
532,10
533,9
534,56
535,10
536,17
537,52
538,19
539,8
540,29
541,5
542,11
543,30
544,40
545,38
546,23
547,33
548,36
549,55
550,42
551,50
552,48
553,18
554,32
555,10
556,28
557,19
558,21
559,42
560,54
561,15
562,32
563,17
564,27
565,12
566,9
567,57
568,60
569,59
570,49
571,6
572,38
573,33
574,53
575,48
576,17
577,12
578,36
579,30
580,21
581,18
582,46
583,7
584,56
585,18
586,44
587,14
588,11
589,17
590,34
591,29
592,28
593,39
594,57
595,14
596,11
597,43
598,36
599,14
600,41
601,30
602,45
603,48
604,32
605,38
606,36
607,48
608,25
609,58
610,36
611,36
612,45
613,47
614,60
615,17
616,39
617,44
618,19
619,5
620,26
621,50
622,52
623,25
624,57
625,25
626,7
627,38
628,14
629,60
630,21
631,43
632,55
633,14
634,58
635,29
636,42
637,23
638,50
639,50
640,56
641,35
642,9
643,56
644,10
645,38
646,60
647,7
648,9
649,19
650,13
651,7
652,24
653,5
654,53
655,59
656,33
657,26
658,60
659,15
660,56
661,14
662,60
663,46
664,34
665,28
666,37
667,29
668,38
669,37
670,7
671,41
672,10
673,48
674,55
675,56
676,38
677,53
678,43
679,9
680,52
681,32
682,53
683,18
684,23
685,39
686,43
687,31
688,57
689,35
690,59
691,55
692,29
693,43
694,42
695,19
696,59
697,60
698,56
699,6
700,47
701,5
702,52
703,16
704,24
705,37
706,41
707,21
708,26
709,9
710,36
711,60
712,21
713,57
714,24
715,54
716,31
717,29
718,56
719,29
720,8
721,15
722,46
723,13
724,20
725,23
726,51
727,58
728,26
729,8
730,7
731,35
732,31
733,14
734,36
735,60
736,43
737,50
738,10
739,48
740,49
741,14
742,56
743,27
744,31
745,7
746,44
747,34
748,29
749,34
750,8
751,11
752,35
753,54
754,14
755,6
756,7
757,43
758,44
759,13
760,45
761,25
762,11
763,49
764,40
765,46
766,27
767,17
768,29
769,55
770,54
771,54
772,36
773,12
774,8
775,44
776,49
777,34
778,44
779,45
780,26
781,46
782,12
783,48
784,50
785,44
786,23
787,55
788,59
789,13
790,29
791,56
792,23
793,52
794,60
795,48
796,56
797,12
798,38
799,60
800,55
801,17
802,7
803,55
804,30
805,33
806,28
807,53
808,17
809,34
810,27
811,55
812,45
813,9
814,7
815,7
816,36
817,21
818,6
819,38
820,47
821,41
822,41
823,18
824,19
825,10
826,54
827,57
828,45
829,54
830,37
831,49
832,38
833,31
834,37
835,24
836,12
837,14
838,32
839,41
840,32
841,10
842,11
843,31
844,9
845,11
846,31
847,54
848,14
849,51
850,6
851,55
852,33
853,32
854,48
855,31
856,6
857,36
858,60
859,25
860,51
861,21
862,10
863,27
864,9
865,12
866,27
867,49
868,6
869,27
870,27
871,16
872,5
873,58
874,19
875,57
876,28
877,9
878,43
879,14
880,18
881,5
882,18
883,47
884,48
885,51
886,12
887,52
888,5
889,23
890,28
891,49
892,6
893,43
894,19
895,59
896,14
897,16
898,34
899,12
900,35
901,27
902,50
903,21
904,13
905,6
906,18
907,28
908,26
909,35
910,23
911,23
912,40
913,45
914,25
915,16
916,42
917,10
918,11
919,39
920,42
921,24
922,15
923,29
924,14
925,13
926,56
927,19
928,25
929,37
930,20
931,20
932,53
933,16
934,23
935,28
936,31
937,47
938,7
939,60
940,13
941,43
942,6
943,30
944,9
945,49
946,9
947,13
948,31
949,24
950,40
951,31
952,52
953,14
954,42
955,32
956,24
957,45
958,27
959,10
960,20
961,33
962,45
963,28
964,45
965,38
966,8
967,29
968,31
969,5
970,31
971,51
972,25
973,33
974,18
975,28
976,23
977,35
978,10
979,16
980,55
981,11
982,22
983,12
984,40
985,43
986,49
987,14
988,55
989,49
990,33
991,30
992,16
993,54
994,31
995,32
996,16
997,20
998,34
999,26
1000,38
1001,14
1002,27
1003,34
1004,45
1005,45
1006,10
1007,35
1008,53
1009,18
1010,23
1011,5
1012,58
1013,49
1014,33
1015,44
1016,34
1017,5
1018,18
1019,24
1020,12
1021,54
1022,45
1023,24
1024,39
1025,43
1026,14
1027,32
1028,50
1029,53
1030,35
1031,10
1032,48
1033,36
1034,53
1035,19
1036,39
1037,53
1038,30
1039,22
1040,45
1041,6
1042,12
1043,22
1044,47
1045,7
1046,5
1047,21
1048,30
1049,38
1050,42
1051,50
1052,30
1053,33
1054,11
1055,52
1056,21
1057,27
1058,23
1059,60
1060,53
1061,48
1062,17
1063,43
1064,10
1065,7
1066,9
1067,55
1068,21
1069,24
1070,39
1071,26
1072,12
1073,38
1074,60
1075,20
1076,53
1077,15
1078,9
1079,31
1080,60
1081,23
1082,23
1083,38
1084,13
1085,41
1086,38
1087,45
1088,18
1089,39
1090,11
1091,31
1092,45
1093,39
1094,30
1095,52
1096,54
1097,55
1098,22
1099,23
1100,33
1101,28
1102,41
1103,45
1104,13
1105,15
1106,12
1107,49
1108,12
1109,29
1110,30
1111,42
1112,34
1113,13
1114,40
1115,47
1116,24
1117,27
1118,45
1119,35
1120,52
1121,31
1122,18
1123,35
1124,36
1125,49
1126,37
1127,25
1128,36
1129,46
1130,8
1131,33
1132,24
1133,14
1134,52
1135,36
1136,8
1137,44
1138,18
1139,6
1140,27
1141,35
1142,30
1143,5
1144,59
1145,38
1146,9
1147,48
1148,60
1149,10
1150,48
1151,52
1152,47
1153,30
1154,5
1155,28
1156,7
1157,12
1158,44
1159,5
1160,22
1161,60
1162,45
1163,49
1164,23
1165,51
1166,19
1167,14
1168,53
1169,41
1170,23
1171,17
1172,11
1173,32
1174,34
1175,50
1176,26
1177,29
1178,15
1179,26
1180,31
1181,46
1182,48
1183,32
1184,14
1185,33
1186,50
1187,14
1188,38
1189,25
1190,13
1191,18
1192,16
1193,33
1194,27
1195,55
1196,29
1197,32
1198,56
1199,36
1200,29
1201,51
1202,19
1203,55
1204,17
1205,33
1206,18
1207,42
1208,50
1209,8
1210,29
1211,7
1212,19
1213,45
1214,10
1215,60
1216,16
1217,28
1218,8
1219,52
1220,45
1221,48
1222,16
1223,19
1224,44
1225,24
1226,44
1227,10
1228,50
1229,60
1230,37
1231,53
1232,23
1233,54
1234,27
1235,31
1236,34
1237,8
1238,45
1239,49
1240,38
1241,47
1242,46
1243,40
1244,52
1245,32
1246,42
1247,34
1248,36
1249,21
1250,50
1251,35
1252,18
1253,26
1254,22
1255,7
1256,7
1257,8
1258,15
1259,27
1260,5
1261,23
1262,46
1263,5
1264,13
1265,9
1266,55
1267,32
1268,48
1269,19
1270,43
1271,30
1272,40
1273,19
1274,34
1275,17
1276,26
1277,43
1278,11
1279,43
1280,10
1281,55
1282,25
1283,25
1284,39
1285,34
1286,25
1287,21
1288,6
1289,38
1290,7
1291,17
1292,28
1293,10
1294,18
1295,60
1296,38
1297,27
1298,17
1299,58
1300,17
1301,21
1302,48
1303,51
1304,52
1305,24
1306,24
1307,38
1308,60
1309,29
1310,21
1311,35
1312,27
1313,60
1314,50
1315,20
1316,7
1317,24
1318,40
1319,9
1320,5
1321,34
1322,36
1323,51
1324,33
1325,8
1326,56
1327,31
1328,36
1329,34
1330,33
1331,12
1332,10
1333,10
1334,20
1335,11
1336,57
1337,53
1338,14
1339,31
1340,18
1341,33
1342,44
1343,9
1344,57
1345,32
1346,40
1347,53
1348,58
1349,30
1350,7
1351,16
1352,20
1353,36
1354,19
1355,13
1356,58
1357,60
1358,22
1359,27
1360,25
1361,32
1362,11
1363,40
1364,23
1365,44
1366,39
1367,55
1368,17
1369,50
1370,23
1371,54
1372,33
1373,37
1374,43
1375,34
1376,39
1377,45
1378,21
1379,22
1380,19
1381,6
1382,12
1383,44
1384,55
1385,50
1386,11
1387,16
1388,51
1389,31
1390,20
1391,18
1392,23
1393,52
1394,47
1395,5
1396,52
1397,39
1398,37
1399,32
1400,59
1401,8
1402,12
1403,29
1404,46
1405,22
1406,12
1407,52
1408,41
1409,27
1410,19
1411,48
1412,50
1413,50
1414,39
1415,47
1416,23
1417,19
1418,52
1419,58
1420,20
1421,9
1422,38
1423,24
1424,48
1425,25
1426,19
1427,28
1428,45
1429,35
1430,23
1431,42
1432,15
1433,13
1434,56
1435,5
1436,40
1437,37
1438,25
1439,28
1440,42
1441,45
1442,6
1443,56
1444,13
1445,30
1446,14
1447,16
1448,37
1449,9
1450,13
1451,53
1452,18
1453,55
1454,54
1455,36
1456,41
1457,54
1458,49
1459,18
1460,20
1461,51
1462,13
1463,57
1464,19
1465,53
1466,29
1467,27
1468,43
1469,42
1470,13
1471,45
1472,36
1473,11
1474,44
1475,58
1476,6
1477,38
1478,43
1479,27
1480,36
1481,34
1482,24
1483,5
1484,19
1485,40
1486,46
1487,15
1488,47
1489,36
1490,56
1491,52
1492,35
1493,39
1494,25
1495,50
1496,59
1497,10
1498,21
1499,13
1500,43
1501,30
1502,50
1503,17
1504,57
1505,25
1506,55
1507,23
1508,29
1509,8
1510,18
1511,7
1512,25
1513,51
1514,52
1515,20
1516,26
1517,60
1518,33
1519,47
1520,51
1521,47
1522,47
1523,19
1524,21
1525,27
1526,47
1527,15
1528,24
1529,6
1530,27
1531,41
1532,39
1533,8
1534,51
1535,45
1536,14
1537,27
1538,6
1539,36
1540,45
1541,8
1542,6
1543,20
1544,7
1545,5
1546,19
1547,46
1548,25
1549,9
1550,57
1551,8
1552,27
1553,47
1554,32
1555,13
1556,18
1557,33
1558,32
1559,14
1560,27
1561,24
1562,16
1563,46
1564,26
1565,51
1566,55
1567,52
1568,31
1569,29
1570,5
1571,31
1572,21
1573,39
1574,39
1575,56
1576,52
1577,48
1578,50
1579,34
1580,53
1581,7
1582,41
1583,12
1584,31
1585,29
1586,15
1587,5
1588,37
1589,13
1590,44
1591,60
1592,47
1593,37
1594,58
1595,51
1596,49
1597,14
1598,10
1599,26
1600,20
1601,58
1602,58
1603,57
1604,16
1605,20
1606,6
1607,56
1608,15
1609,52
1610,55
1611,58
1612,48
1613,40
1614,15
1615,50
1616,10
1617,32
1618,60
1619,43
1620,11
1621,44
1622,45
1623,34
1624,50
1625,14
1626,44
1627,43
1628,7
1629,21
1630,26
1631,56
1632,52
1633,51
1634,29
1635,6
1636,45
1637,7
1638,36
1639,10
1640,27
1641,23
1642,47
1643,14
1644,34
1645,20
1646,37
1647,27
1648,15
1649,52
1650,53
1651,30
1652,26
1653,22
1654,56
1655,36
1656,30
1657,5
1658,24
1659,38
1660,23
1661,40
1662,35
1663,7
1664,54
1665,39
1666,41
1667,40
1668,21
1669,48
1670,7
1671,34
1672,30
1673,51
1674,12
1675,30
1676,27
1677,36
1678,8
1679,6
1680,22
1681,52
1682,7
1683,21
1684,48
1685,48
1686,42
1687,49
1688,54
1689,23
1690,48
1691,53
1692,18
1693,53
1694,38
1695,38
1696,26
1697,29
1698,58
1699,21
1700,18
1701,12
1702,41
1703,26
1704,56
1705,20
1706,42
1707,48
1708,51
1709,39
1710,48
1711,27
1712,15
1713,60
1714,14
1715,26
1716,59
1717,52
1718,57
1719,5
1720,42
1721,57
1722,8
1723,41
1724,14
1725,27
1726,28
1727,23
1728,45
1729,23
1730,25
1731,36
1732,55
1733,30
1734,43
1735,32
1736,15
1737,5
1738,55
1739,14
1740,41
1741,7
1742,33
1743,13
1744,26
1745,5
1746,51
1747,35
1748,47
1749,57
1750,47
1751,54
1752,21
1753,52
1754,44
1755,17
1756,9
1757,40
1758,32
1759,22
1760,58
1761,16
1762,38
1763,15
1764,9
1765,47
1766,45
1767,15
1768,42
1769,12
1770,37
1771,45
1772,55
1773,39
1774,43
1775,29
1776,53
1777,32
1778,22
1779,24
1780,23
1781,5
1782,32
1783,54
1784,57
1785,50
1786,22
1787,21
1788,39
1789,38
1790,40
1791,25
1792,26
1793,17
1794,50
1795,55
1796,32
1797,55
1798,14
1799,59
1800,5
1801,53
1802,37
1803,14
1804,55
1805,47
1806,49
1807,55
1808,41
1809,29
1810,28
1811,34
1812,7
1813,40
1814,31
1815,45
1816,44
1817,56
1818,56
1819,53
1820,19
1821,6
1822,28
1823,38
1824,15
1825,48
1826,17
1827,45
1828,27
1829,45
1830,49
1831,36
1832,6
1833,51
1834,52
1835,20
1836,41
1837,20
1838,22
1839,16
1840,53
1841,31
1842,9
1843,41
1844,33
1845,20
1846,52
1847,50
1848,33
1849,60
1850,37
1851,56
1852,56
1853,50
1854,11
1855,17
1856,15
1857,33
1858,9
1859,32
1860,45
1861,30
1862,22
1863,21
1864,32
1865,53
1866,54
1867,27
1868,44
1869,25
1870,10
1871,24
1872,6
1873,36
1874,5
1875,53
1876,21
1877,17
1878,53
1879,30
1880,29
1881,32
1882,54
1883,45
1884,45
1885,48
1886,29
1887,49
1888,57
1889,7
1890,42
1891,34
1892,27
1893,58
1894,41
1895,13
1896,41
1897,50
1898,22
1899,25
1900,57
1901,6
1902,30
1903,35
1904,38
1905,13
1906,7
1907,10
1908,41
1909,60
1910,27
1911,28
1912,5
1913,9
1914,17
1915,50
1916,12
1917,47
1918,39
1919,35
1920,7
1921,25
1922,58
1923,59
1924,6
1925,25
1926,30
1927,13
1928,53
1929,45
1930,22
1931,31
1932,47
1933,14
1934,43
1935,14
1936,30
1937,60
1938,24
1939,37
1940,8
1941,15
1942,13
1943,13
1944,35
1945,50
1946,46
1947,50
1948,53
1949,51
1950,7
1951,51
1952,57
1953,38
1954,7
1955,57
1956,40
1957,49
1958,52
1959,49
1960,45
1961,29
1962,16
1963,27
1964,56
1965,42
1966,57
1967,10
1968,10
1969,40
1970,16
1971,57
1972,21
1973,17
1974,56
1975,21
1976,25
1977,49
1978,50
1979,21
1980,55
1981,21
1982,38
1983,34
1984,14
1985,53
1986,33
1987,40
1988,14
1989,7
1990,45
1991,42
1992,16
1993,46
1994,37
1995,7
1996,53
1997,25
1998,57
1999,9
2000,17
2001,46
2002,55
2003,34
2004,44
2005,20
2006,56
2007,34
2008,38
2009,15
2010,50
2011,26
2012,46
2013,13
2014,35
2015,54
2016,40
2017,8
2018,39
2019,10
2020,57
2021,38
2022,26
2023,5
2024,57
2025,54
2026,10
2027,11
2028,32
2029,43
2030,27
2031,41
2032,33
2033,26
2034,58
2035,29
2036,37
2037,28
2038,58
2039,60
2040,45
2041,12
2042,13
2043,25
2044,6
2045,16
2046,51
2047,13
2048,6
2049,26
2050,43
2051,17
2052,7
2053,31
2054,46
2055,8
2056,49
2057,24
2058,55
2059,29
2060,8
2061,43
2062,54
2063,55
2064,50
2065,15
2066,27
2067,58
2068,9
2069,31
2070,8
2071,33
2072,27
2073,43
2074,44
2075,53
2076,21
2077,48
2078,24
2079,41
2080,59
2081,56
2082,34
2083,31
2084,16
2085,6
2086,34
2087,56
2088,21
2089,17
2090,29
2091,9
2092,27
2093,11
2094,12
2095,6
2096,27
2097,6
2098,16
2099,30
2100,44
2101,49
2102,46
2103,5
2104,25
2105,34
2106,55
2107,40
2108,52
2109,60
2110,49
2111,36
2112,35
2113,10
2114,59
2115,8
2116,39
2117,60
2118,30
2119,55
2120,55
2121,59
2122,21
2123,6
2124,46
2125,38
2126,11
2127,58
2128,57
2129,10
2130,26
2131,27
2132,11
2133,35
2134,7
2135,14
2136,38
2137,45
2138,56
2139,23
2140,7
2141,5
2142,29
2143,26
2144,15
2145,40
2146,49
2147,14
2148,15
2149,16
2150,54
2151,15
2152,45
2153,48
2154,20
2155,44
2156,26
2157,6
2158,35
2159,45
2160,48
2161,30
2162,7
2163,19
2164,20
2165,45
2166,23
2167,26
2168,15
2169,20
2170,27
2171,19
2172,15
2173,31
2174,34
2175,28
2176,41
2177,13
2178,29
2179,41
2180,54
2181,5
2182,15
2183,42
2184,5
2185,48
2186,29
2187,50
2188,56
2189,16
2190,14
2191,6
2192,6
2193,57
2194,25
2195,37
2196,5
2197,7
2198,8
2199,54
2200,12
2201,41
2202,44
2203,14
2204,54
2205,14
2206,48
2207,55
2208,29
2209,55
2210,6
2211,31
2212,32
2213,41
2214,48
2215,26
2216,50
2217,20
2218,13
2219,28
2220,37
2221,18
2222,39
2223,30
2224,9
2225,13
2226,31
2227,41
2228,47
2229,27
2230,11
2231,32
2232,32
2233,20
2234,35
2235,29
2236,19
2237,30
2238,20
2239,46
2240,35
2241,30
2242,42
2243,9
2244,58
2245,21
2246,22
2247,38
2248,28
2249,39
2250,6
2251,43
2252,44
2253,54
2254,35
2255,20
2256,22
2257,7
2258,44
2259,25
2260,60
2261,56
2262,30
2263,45
2264,11
2265,39
2266,59
2267,8
2268,14
2269,50
2270,30
2271,6
2272,54
2273,31
2274,51
2275,60
2276,30
2277,32
2278,11
2279,50
2280,34
2281,43
2282,34
2283,15
2284,15
2285,26
2286,35
2287,31
2288,15
2289,42
2290,60
2291,23
2292,53
2293,37
2294,12
2295,28
2296,27
2297,14
2298,45
2299,27
2300,54
2301,35
2302,45
2303,38
2304,53
2305,8
2306,17
2307,21
2308,16
2309,51
2310,42
2311,25
2312,23
2313,29
2314,45
2315,7
2316,23
2317,40
2318,32
2319,7
2320,48
2321,31
2322,22
2323,29
2324,51
2325,18
2326,27
2327,13
2328,13
2329,12
2330,44
2331,27
2332,15
2333,6
2334,32
2335,41
2336,30
2337,34
2338,9
2339,46
2340,50
2341,50
2342,48
2343,9
2344,54
2345,32
2346,39
2347,51
2348,40
2349,13
2350,15
2351,14
2352,18
2353,15
2354,19
2355,6
2356,38
2357,13
2358,57
2359,36
2360,27
2361,44
2362,52
2363,23
2364,50
2365,55
2366,26
2367,48
2368,12
2369,56
2370,59
2371,58
2372,31
2373,54
2374,60
2375,21
2376,15
2377,26
2378,45
2379,37
2380,26
2381,39
2382,49
2383,14
2384,29
2385,52
2386,52
2387,40
2388,24
2389,20
2390,29
2391,27
2392,29
2393,35
2394,37
2395,24
2396,31
2397,31
2398,57
2399,11
2400,48
2401,14
2402,14
2403,5
2404,42
2405,43
2406,45
2407,50
2408,38
2409,11
2410,49
2411,54
2412,46
2413,49
2414,18
2415,43
2416,46
2417,43
2418,37
2419,12
2420,22
2421,49
2422,51
2423,44
2424,15
2425,29
2426,10
2427,55
2428,7
2429,5
2430,12
2431,28
2432,57
2433,51
2434,35
2435,25
2436,11
2437,48
2438,33
2439,28
2440,42
2441,49
2442,21
2443,47
2444,36
2445,56
2446,54
2447,19
2448,15
2449,40
2450,40
2451,57
2452,9
2453,54
2454,59
2455,37
2456,15
2457,6
2458,57
2459,46
2460,59
2461,15
2462,38
2463,31
2464,43
2465,47
2466,18
2467,33
2468,50
2469,48
2470,30
2471,21
2472,6
2473,42
2474,13
2475,29
2476,15
2477,33
2478,41
2479,8
2480,29
2481,56
2482,10
2483,46
2484,42
2485,30
2486,26
2487,19
2488,37
2489,60
2490,34
2491,7
2492,35
2493,44
2494,11
2495,22
2496,58
2497,37
2498,36
2499,40
2500,46
2501,30
2502,35
2503,21
2504,16
2505,19
2506,39
2507,28
2508,15
2509,24
2510,59
2511,43
2512,58
2513,14
2514,34
2515,9
2516,9
2517,35
2518,30
2519,41
2520,31
2521,40
2522,10
2523,21
2524,35
2525,19
2526,57
2527,12
2528,23
2529,14
2530,28
2531,56
2532,11
2533,13
2534,47
2535,60
2536,8
2537,57
2538,47
2539,13
2540,42
2541,40
2542,17
2543,5
2544,7
2545,60
2546,30
2547,40
2548,49
2549,53
2550,43
2551,36
2552,50
2553,49
2554,11
2555,35
2556,40
2557,27
2558,60
2559,54
2560,26
2561,60
2562,11
2563,48
2564,5
2565,20
2566,19
2567,36
2568,58
2569,24
2570,22
2571,19
2572,5
2573,36
2574,27
2575,37
2576,26
2577,10
2578,9
2579,24
2580,41
2581,32
2582,19
2583,52
2584,28
2585,29
2586,60
2587,53
2588,14
2589,19
2590,23
2591,17
2592,52
2593,54
2594,35
2595,47
2596,55
2597,27
2598,23
2599,29
2600,44
2601,13
2602,58
2603,54
2604,12
2605,30
2606,27
2607,37
2608,60
2609,35
2610,19
2611,46
2612,50
2613,28
2614,45
2615,27
2616,32
2617,22
2618,27
2619,30
2620,54
2621,54
2622,50
2623,23
2624,60
2625,11
2626,35
2627,23
2628,12
2629,33
2630,14
2631,27
2632,20
2633,52
2634,16
2635,26
2636,36
2637,19
2638,12
2639,48
2640,29
2641,29
2642,34
2643,37
2644,34
2645,41
2646,58
2647,44
2648,19
2649,48
2650,30
2651,37
2652,24
2653,36
2654,19
2655,25
2656,38
2657,48
2658,5
2659,10
2660,35
2661,25
2662,30
2663,19
2664,57
2665,32
2666,8
2667,41
2668,54
2669,7
2670,31
2671,10
2672,21
2673,17
2674,51
2675,25
2676,16
2677,12
2678,16
2679,56
2680,49
2681,28
2682,6
2683,19
2684,7
2685,5
2686,29
2687,39
2688,5
2689,13
2690,12
2691,57
2692,43
2693,43
2694,17
2695,10
2696,52
2697,34
2698,17
2699,59
2700,5
2701,38
2702,44
2703,59
2704,31
2705,9
2706,39
2707,16
2708,19
2709,19
2710,31
2711,29
2712,35
2713,56
2714,5
2715,32
2716,18
2717,29
2718,53
2719,7
2720,44
2721,22
2722,6
2723,42
2724,27
2725,50
2726,28
2727,57
2728,26
2729,48
2730,34
2731,46
2732,13
2733,43
2734,38
2735,10
2736,21
2737,11
2738,50
2739,11
2740,22
2741,6
2742,49
2743,14
2744,44
2745,54
2746,47
2747,13
2748,29
2749,18
2750,41
2751,47
2752,25
2753,17
2754,31
2755,37
2756,37
2757,12
2758,40
2759,11
2760,49
2761,35
2762,12
2763,37
2764,33
2765,35
2766,16
2767,34
2768,40
2769,26
2770,13
2771,31
2772,21
2773,29
2774,10
2775,41
2776,37
2777,26
2778,57
2779,57
2780,60
2781,19
2782,34
2783,20
2784,27
2785,35
2786,54
2787,31
2788,6
2789,33
2790,51
2791,5
2792,40
2793,30
2794,53
2795,54
2796,33
2797,19
2798,32
2799,20
2800,21
2801,35
2802,35
2803,14
2804,19
2805,33
2806,23
2807,28
2808,46
2809,36
2810,43
2811,14
2812,58
2813,38
2814,48
2815,10
2816,17
2817,24
2818,38
2819,45
2820,48
2821,12
2822,8
2823,14
2824,26
2825,7
2826,26
2827,60
2828,44
2829,56
2830,15
2831,54
2832,34
2833,29
2834,48
2835,17
2836,31
2837,36
2838,17
2839,15
2840,30
2841,8
2842,55
2843,56
2844,54
2845,26
2846,53
2847,48
2848,58
2849,38
2850,17
2851,51
2852,25
2853,16
2854,38
2855,39
2856,50
2857,59
2858,43
2859,42
2860,32
2861,14
2862,45
2863,49
2864,44
2865,36
2866,47
2867,41
2868,18
2869,43
2870,33
2871,7
2872,20
2873,36
2874,43
2875,58
2876,25
2877,40
2878,51
2879,17
2880,5
2881,7
2882,8
2883,13
2884,20
2885,33
2886,60
2887,48
2888,44
2889,19
2890,47
2891,48
2892,11
2893,60
2894,53
2895,38
2896,32
2897,46
2898,45
2899,23
2900,48
2901,26
2902,36
2903,48
2904,17
2905,15
2906,28
2907,40
2908,58
2909,27
2910,50
2911,33
2912,30
2913,33
2914,47
2915,25
2916,59
2917,34
2918,9
2919,14
2920,19
2921,53
2922,12
2923,53
2924,14
2925,30
2926,34
2927,50
2928,39
2929,18
2930,28
2931,50
2932,7
2933,6
2934,30
2935,18
2936,10
2937,59
2938,31
2939,42
2940,41
2941,60
2942,55
2943,31
2944,39
2945,18
2946,45
2947,5
2948,47
2949,13
2950,38
2951,46
2952,36
2953,24
2954,29
2955,39
2956,39
2957,9
2958,10
2959,43
2960,51
2961,36
2962,53
2963,5
2964,18
2965,31
2966,44
2967,53
2968,28
2969,24
2970,10
2971,52
2972,6
2973,54
2974,56
2975,20
2976,44
2977,60
2978,6
2979,42
2980,60
2981,37
2982,28
2983,14
2984,34
2985,21
2986,12
2987,42
2988,33
2989,22
2990,58
2991,19
2992,29
2993,29
2994,52
2995,37
2996,26
2997,19
2998,57
2999,42
3000,21
3001,10
3002,7
3003,14
3004,25
3005,45
3006,42
3007,41
3008,36
3009,9
3010,38
3011,35
3012,32
3013,25
3014,29
3015,51
3016,60
3017,6
3018,12
3019,32
3020,43
3021,47
3022,13
3023,53
3024,14
3025,6
3026,12
3027,50
3028,32
3029,20
3030,7
3031,45
3032,22
3033,21
3034,29
3035,12
3036,27
3037,23
3038,28
3039,44
3040,56
3041,45
3042,17
3043,52
3044,57
3045,39
3046,39
3047,8
3048,26
3049,37
3050,40
3051,5
3052,15
3053,36
3054,57
3055,6
3056,45
3057,60
3058,21
3059,26
3060,13
3061,27
3062,11
3063,44
3064,40
3065,31
3066,55
3067,53
3068,9
3069,21
3070,41
3071,11
3072,38
3073,9
3074,60
3075,42
3076,13
3077,36
3078,7
3079,38
3080,58
3081,55
3082,19
3083,27
3084,11
3085,40
3086,58
3087,50
3088,18
3089,16
3090,49
3091,47
3092,19
3093,30
3094,17
3095,43
3096,49
3097,52
3098,33
3099,27
3100,15
3101,22
3102,51
3103,27
3104,40
3105,59
3106,17
3107,18
3108,34
3109,58
3110,25
3111,13
3112,22
3113,40
3114,47
3115,54
3116,54
3117,5
3118,10
3119,47
3120,57
3121,25
3122,24
3123,60
3124,50
3125,55
3126,25
3127,7
3128,10
3129,44
3130,5
3131,23
3132,56
3133,12
3134,15
3135,50
3136,22
3137,17
3138,37
3139,40
3140,27
3141,60
3142,33
3143,10
3144,31
3145,37
3146,39
3147,58
3148,31
3149,12
3150,10
3151,42
3152,34
3153,25
3154,16
3155,23
3156,20
3157,45
3158,32
3159,48
3160,49
3161,23
3162,7
3163,6
3164,58
3165,5
3166,45
3167,59
3168,22
3169,9
3170,60
3171,47
3172,25
3173,25
3174,40
3175,46
3176,23
3177,8
3178,55
3179,50
3180,20
3181,59
3182,49
3183,38
3184,13
3185,21
3186,43
3187,8
3188,55
3189,29
3190,31
3191,22
3192,42
3193,19
3194,21
3195,25
3196,56
3197,39
3198,36
3199,33
3200,50
3201,12
3202,32
3203,28
3204,15
3205,38
3206,8
3207,19
3208,50
3209,56
3210,35
3211,29
3212,6
3213,20
3214,10
3215,24
3216,11
3217,57
3218,16
3219,13
3220,33
3221,5
3222,53
3223,28
3224,38
3225,31
3226,12
3227,38
3228,20
3229,36
3230,23
3231,22
3232,30
3233,32
3234,35
3235,49
3236,8
3237,15
3238,50
3239,59
3240,38
3241,27
3242,17
3243,20
3244,14
3245,19
3246,56
3247,24
3248,55
3249,14
3250,16
3251,40
3252,21
3253,39
3254,6
3255,16
3256,19
3257,60
3258,57
3259,51
3260,31
3261,50
3262,15
3263,20
3264,53
3265,40
3266,13
3267,58
3268,42
3269,48
3270,15
3271,52
3272,20
3273,38
3274,54
3275,24
3276,56
3277,60
3278,59
3279,55
3280,50
3281,52
3282,6
3283,51
3284,34
3285,55
3286,59
3287,17
3288,8
3289,31
3290,15
3291,29
3292,37
3293,29
3294,18
3295,29
3296,39
3297,38
3298,36
3299,11
3300,13
3301,59
3302,10
3303,39
3304,5
3305,57
3306,10
3307,5
3308,52
3309,20
3310,52
3311,30
3312,33
3313,48
3314,22
3315,31
3316,27
3317,47
3318,30
3319,21
3320,51
3321,9
3322,53
3323,15
3324,42
3325,20
3326,52
3327,18
3328,59
3329,7
3330,53
3331,59
3332,8
3333,37
3334,56
3335,9
3336,49
3337,33
3338,20
3339,33
3340,50
3341,54
3342,53
3343,47
3344,13
3345,43
3346,45
3347,37
3348,23
3349,5
3350,43
3351,14
3352,27
3353,47
3354,27
3355,28
3356,58
3357,24
3358,37
3359,46
3360,49
3361,21
3362,13
3363,6
3364,35
3365,56
3366,51
3367,58
3368,59
3369,17
3370,43
3371,30
3372,26
3373,35
3374,24
3375,33
3376,13
3377,35
3378,57
3379,23
3380,56
3381,49
3382,26
3383,27
3384,59
3385,45
3386,43
3387,29
3388,30
3389,42
3390,30
3391,49
3392,37
3393,24
3394,48
3395,57
3396,53
3397,41
3398,58
3399,20
3400,17
3401,32
3402,18
3403,21
3404,37
3405,15
3406,37
3407,13
3408,56
3409,43
3410,38
3411,53
3412,39
3413,54
3414,37
3415,58
3416,57
3417,46
3418,35
3419,26
3420,21
3421,32
3422,24
3423,34
3424,46
3425,38
3426,8
3427,55
3428,51
3429,17
3430,21
3431,34
3432,49
3433,9
3434,6
3435,17
3436,43
3437,11
3438,59
3439,21
3440,55
3441,5
3442,57
3443,60
3444,18
3445,16
3446,44
3447,16
3448,47
3449,28
3450,44
3451,56
3452,22
3453,5
3454,48
3455,47
3456,6
3457,6
3458,43
3459,15
3460,58
3461,60
3462,24
3463,57
3464,20
3465,30
3466,57
3467,36
3468,52
3469,28
3470,59
3471,27
3472,10
3473,42
3474,32
3475,55
3476,12
3477,49
3478,6
3479,54
3480,16
3481,5
3482,43
3483,39
3484,22
3485,27
3486,52
3487,18
3488,60
3489,29
3490,17
3491,25
3492,16
3493,55
3494,16
3495,36
3496,47
3497,14
3498,44
3499,42
3500,37
3501,31
3502,42
3503,45
3504,60
3505,19
3506,5
3507,8
3508,32
3509,43
3510,7
3511,46
3512,46
3513,46
3514,13
3515,37
3516,10
3517,31
3518,24
3519,26
3520,45
3521,45
3522,57
3523,44
3524,17
3525,50
3526,8
3527,26
3528,13
3529,25
3530,47
3531,52
3532,22
3533,36
3534,35
3535,43
3536,26
3537,22
3538,46
3539,9
3540,34
3541,56
3542,53
3543,15
3544,11
3545,37
3546,21
3547,40
3548,50
3549,30
3550,43
3551,33
3552,31
3553,47
3554,15
3555,43
3556,31
3557,54
3558,13
3559,48
3560,47
3561,57
3562,54
3563,55
3564,12
3565,42
3566,54
3567,12
3568,58
3569,16
3570,52
3571,35
3572,23
3573,48
3574,51
3575,11
3576,48
3577,53
3578,32
3579,21
3580,22
3581,55
3582,12
3583,45
3584,27
3585,37
3586,57
3587,39
3588,56
3589,9
3590,5
3591,7
3592,43
3593,5
3594,54
3595,13
3596,12
3597,31
3598,29
3599,55
3600,35
3601,6
3602,25
3603,45
3604,57
3605,13
3606,10
3607,49
3608,30
3609,46
3610,42
3611,52
3612,19
3613,8
3614,18
3615,31
3616,6
3617,8
3618,43
3619,55
3620,30
3621,13
3622,40
3623,51
3624,50
3625,24
3626,31
3627,30
3628,58
3629,39
3630,8
3631,52
3632,58
3633,33
3634,39
3635,14
3636,40
3637,13
3638,46
3639,18
3640,42
3641,15
3642,58
3643,10
3644,41
3645,35
3646,23
3647,22
3648,21
3649,18
3650,30
3651,48
3652,5
3653,60
3654,45
3655,60
3656,8
3657,38
3658,54
3659,54
3660,9
3661,5
3662,45
3663,23
3664,14
3665,54
3666,14
3667,58
3668,53
3669,37
3670,13
3671,12
3672,26
3673,5
3674,52
3675,57
3676,25
3677,58
3678,14
3679,26
3680,42
3681,53
3682,9
3683,10
3684,28
3685,18
3686,21
3687,33
3688,26
3689,48
3690,36
3691,35
3692,39
3693,38
3694,10
3695,10
3696,25
3697,33
3698,29
3699,54
3700,30
3701,39
3702,35
3703,40
3704,32
3705,38
3706,9
3707,19
3708,14
3709,46
3710,30
3711,58
3712,60
3713,37
3714,25
3715,14
3716,9
3717,14
3718,14
3719,7
3720,29
3721,46
3722,41
3723,12
3724,47
3725,9
3726,38
3727,22
3728,41
3729,24
3730,27
3731,47
3732,60
3733,51
3734,35
3735,30
3736,42
3737,57
3738,25
3739,52
3740,47
3741,44
3742,34
3743,37
3744,27
3745,19
3746,54
3747,37
3748,7
3749,51
3750,29
3751,55
3752,28
3753,26
3754,55
3755,37
3756,5
3757,20
3758,41
3759,9
3760,35
3761,12
3762,28
3763,32
3764,54
3765,44
3766,20
3767,39
3768,6
3769,38
3770,37
3771,12
3772,7
3773,41
3774,27
3775,7
3776,28
3777,16
3778,26
3779,22
3780,36
3781,35
3782,53
3783,31
3784,5
3785,56
3786,46
3787,54
3788,20
3789,46
3790,46
3791,35
3792,52
3793,51
3794,27
3795,48
3796,56
3797,59
3798,57
3799,55
3800,51
3801,15
3802,7
3803,53
3804,52
3805,35
3806,38
3807,47
3808,15
3809,58
3810,29
3811,49
3812,23
3813,48
3814,42
3815,35
3816,18
3817,6
3818,50
3819,34
3820,44
3821,43
3822,57
3823,47
3824,16
3825,44
3826,33
3827,25
3828,42
3829,25
3830,32
3831,41
3832,54
3833,60
3834,60
3835,45
3836,14
3837,37
3838,32
3839,30
3840,20
3841,28
3842,29
3843,23
3844,20
3845,18
3846,21
3847,20
3848,39
3849,42
3850,60
3851,28
3852,34
3853,20
3854,43
3855,26
3856,44
3857,45
3858,14
3859,25
3860,20
3861,14
3862,59
3863,53
3864,21
3865,40
3866,16
3867,39
3868,50
3869,50
3870,43
3871,12
3872,33
3873,35
3874,18
3875,49
3876,16
3877,43
3878,27
3879,43
3880,20
3881,50
3882,56
3883,10
3884,39
3885,36
3886,18
3887,23
3888,29
3889,22
3890,37
3891,17
3892,27
3893,59
3894,31
3895,25
3896,51
3897,6
3898,7
3899,17
3900,17
3901,43
3902,58
3903,15
3904,59
3905,40
3906,34
3907,10
3908,21
3909,37
3910,23
3911,49
3912,36
3913,31
3914,57
3915,25
3916,59
3917,48
3918,52
3919,49
3920,60
3921,49
3922,29
3923,8
3924,60
3925,12
3926,8
3927,26
3928,15
3929,53
3930,22
3931,44
3932,51
3933,40
3934,33
3935,24
3936,40
3937,31
3938,59
3939,35
3940,28
3941,19
3942,48
3943,10
3944,51
3945,10
3946,55
3947,45
3948,10
3949,37
3950,6
3951,59
3952,47
3953,42
3954,37
3955,26
3956,51
3957,57
3958,43
3959,11
3960,41
3961,20
3962,6
3963,7
3964,55
3965,11
3966,57
3967,51
3968,24
3969,10
3970,57
3971,42
3972,60
3973,30
3974,50
3975,13
3976,54
3977,41
3978,44
3979,38
3980,60
3981,17
3982,22
3983,23
3984,15
3985,16
3986,42
3987,19
3988,13
3989,13
3990,19
3991,21
3992,36
3993,55
3994,24
3995,14
3996,52
3997,44
3998,22
3999,18
4000,10
4001,13
4002,58
4003,47
4004,31
4005,16
4006,17
4007,60
4008,42
4009,6
4010,27
4011,39
4012,47
4013,35
4014,48
4015,13
4016,53
4017,57
4018,52
4019,22
4020,10
4021,51
4022,49
4023,44
4024,59
4025,49
4026,60
4027,22
4028,55
4029,43
4030,52
4031,19
4032,5
4033,14
4034,57
4035,18
4036,52
4037,41
4038,48
4039,5
4040,31
4041,13
4042,14
4043,36
4044,39
4045,7
4046,37
4047,25
4048,19
4049,47
4050,16
4051,34
4052,25
4053,47
4054,33
4055,19
4056,46
4057,45
4058,51
4059,22
4060,48
4061,50
4062,17
4063,11
4064,27
4065,36
4066,22
4067,27
4068,39
4069,42
4070,23
4071,18
4072,23
4073,40
4074,30
4075,9
4076,16
4077,29
4078,12
4079,42
4080,46
4081,11
4082,38
4083,59
4084,13
4085,50
4086,60
4087,34
4088,14
4089,32
4090,21
4091,51
4092,39
4093,17
4094,53
4095,55
4096,16
4097,52
4098,9
4099,21
4100,33
4101,25
4102,29
4103,37
4104,8
4105,27
4106,58
4107,60
4108,29
4109,52
4110,51
4111,29
4112,40
4113,13
4114,54
4115,50
4116,50
4117,39
4118,41
4119,14
4120,46
4121,7
4122,24
4123,44
4124,33
4125,38
4126,53
4127,41
4128,31
4129,18
4130,34
4131,18
4132,30
4133,10
4134,11
4135,39
4136,30
4137,12
4138,37
4139,48
4140,34
4141,52
4142,46
4143,15
4144,7
4145,17
4146,19
4147,20
4148,11
4149,43
4150,29
4151,31
4152,9
4153,58
4154,40
4155,18
4156,38
4157,17
4158,18
4159,36
4160,10
4161,17
4162,59
4163,11
4164,37
4165,13
4166,43
4167,17
4168,40
4169,41
4170,38
4171,45
4172,44
4173,32
4174,43
4175,30
4176,60
4177,46
4178,21
4179,48
4180,56
4181,35
4182,45
4183,45
4184,43
4185,55
4186,6
4187,27
4188,27
4189,54
4190,55
4191,18
4192,49
4193,46
4194,7
4195,17
4196,33
4197,18
4198,38
4199,48
4200,18
4201,57
4202,5
4203,14
4204,20
4205,34
4206,35
4207,10
4208,43
4209,22
4210,58
4211,46
4212,23
4213,30
4214,26
4215,52
4216,51
4217,47
4218,50
4219,24
4220,47
4221,10
4222,44
4223,12
4224,57
4225,36
4226,28
4227,44
4228,44
4229,46
4230,10
4231,19
4232,60
4233,13
4234,31
4235,20
4236,59
4237,6
4238,36
4239,23
4240,14
4241,38
4242,59
4243,45
4244,28
4245,52
4246,48
4247,14
4248,12
4249,37
4250,25
4251,25
4252,48
4253,51
4254,9
4255,28
4256,56
4257,58
4258,17
4259,17
4260,23
4261,38
4262,49
4263,32
4264,46
4265,51
4266,52
4267,29
4268,30
4269,7
4270,14
4271,33
4272,9
4273,23
4274,45
4275,47
4276,14
4277,38
4278,17
4279,58
4280,43
4281,36
4282,27
4283,14
4284,42
4285,14
4286,41
4287,32
4288,21
4289,52
4290,18
4291,12
4292,15
4293,13
4294,33
4295,59
4296,39
4297,32
4298,16
4299,58
4300,7
4301,24
4302,53
4303,35
4304,41
4305,10
4306,48
4307,28
4308,46
4309,11
4310,11
4311,36
4312,20
4313,38
4314,7
4315,6
4316,60
4317,50
4318,48
4319,56
4320,42
4321,10
4322,34
4323,57
4324,21
4325,52
4326,42
4327,21
4328,49
4329,40
4330,55
4331,29
4332,15
4333,20
4334,45
4335,12
4336,48
4337,57
4338,42
4339,51
4340,54
4341,38
4342,15
4343,36
4344,46
4345,45
4346,20
4347,5
4348,19
4349,14
4350,50
4351,43
4352,48
4353,54
4354,60
4355,14
4356,60
4357,45
4358,14
4359,59
4360,53
4361,56
4362,57
4363,42
4364,44
4365,16
4366,9
4367,11
4368,22
4369,11
4370,22
4371,44
4372,34
4373,41
4374,54
4375,21
4376,42
4377,31
4378,7
4379,50
4380,9
4381,14
4382,57
4383,33
4384,8
4385,27
4386,26
4387,21
4388,45
4389,31
4390,29
4391,6
4392,23
4393,46
4394,20
4395,18
4396,54
4397,10
4398,42
4399,51
4400,14
4401,20
4402,60
4403,38
4404,18
4405,33
4406,25
4407,60
4408,5
4409,53
4410,21
4411,31
4412,42
4413,38
4414,40
4415,13
4416,50
4417,26
4418,50
4419,41
4420,46
4421,39
4422,29
4423,17
4424,24
4425,11
4426,33
4427,46
4428,45
4429,22
4430,20
4431,56
4432,46
4433,21
4434,54
4435,24
4436,10
4437,28
4438,14
4439,33
4440,6
4441,29
4442,46
4443,33
4444,8
4445,45
4446,54
4447,54
4448,23
4449,37
4450,44
4451,54
4452,32
4453,34
4454,44
4455,58
4456,41
4457,52
4458,38
4459,17
4460,15
4461,58
4462,5
4463,22
4464,11
4465,58
4466,29
4467,50
4468,21
4469,17
4470,36
4471,35
4472,21
4473,37
4474,30
4475,13
4476,43
4477,36
4478,22
4479,60
4480,16
4481,49
4482,5
4483,18
4484,26
4485,21
4486,50
4487,50
4488,60
4489,57
4490,11
4491,47
4492,6
4493,32
4494,24
4495,25
4496,44
4497,51
4498,17
4499,26
4500,31
4501,54
4502,13
4503,46
4504,12
4505,20
4506,27
4507,53
4508,51
4509,35
4510,33
4511,16
4512,48
4513,58
4514,27
4515,32
4516,59
4517,32
4518,31
4519,28
4520,42
4521,11
4522,10
4523,40
4524,56
4525,33
4526,13
4527,11
4528,5
4529,56
4530,38
4531,59
4532,49
4533,29
4534,46
4535,35
4536,20
4537,30
4538,45
4539,51
4540,11
4541,31
4542,8
4543,48
4544,58
4545,23
4546,43
4547,15
4548,24
4549,22
4550,38
4551,12
4552,40
4553,47
4554,48
4555,26
4556,5
4557,14
4558,5
4559,10
4560,26
4561,53
4562,26
4563,33
4564,59
4565,17
4566,20
4567,28
4568,47
4569,41
4570,34
4571,21
4572,39
4573,15
4574,33
4575,30
4576,5
4577,11
4578,5
4579,11
4580,26
4581,51
4582,18
4583,24
4584,39
4585,12
4586,37
4587,54
4588,24
4589,10
4590,11
4591,39
4592,44
4593,23
4594,52
4595,8
4596,20
4597,58
4598,12
4599,48
4600,15
4601,33
4602,15
4603,15
4604,34
4605,21
4606,58
4607,49
4608,15
4609,33
4610,50
4611,58
4612,41
4613,6
4614,40
4615,29
4616,6
4617,12
4618,11
4619,24
4620,10
4621,45
4622,54
4623,29
4624,18
4625,21
4626,51
4627,29
4628,19
4629,34
4630,46
4631,43
4632,37
4633,40
4634,58
4635,28
4636,16
4637,32
4638,45
4639,56
4640,5
4641,42
4642,31
4643,43
4644,19
4645,23
4646,27
4647,37
4648,25
4649,35
4650,45
4651,59
4652,53
4653,52
4654,34
4655,52
4656,50
4657,21
4658,27
4659,22
4660,54
4661,15
4662,16
4663,19
4664,34
4665,25
4666,46
4667,6
4668,28
4669,35
4670,44
4671,55
4672,49
4673,23
4674,48
4675,20
4676,6
4677,11
4678,34
4679,51
4680,38
4681,57
4682,16
4683,17
4684,57
4685,29
4686,49
4687,43
4688,26
4689,40
4690,13
4691,7
4692,36
4693,31
4694,34
4695,55
4696,33
4697,28
4698,5
4699,17
4700,41
4701,18
4702,9
4703,36
4704,13
4705,47
4706,10
4707,51
4708,38
4709,49
4710,47
4711,40
4712,30
4713,44
4714,22
4715,18
4716,10
4717,32
4718,6
4719,39
4720,35
4721,50
4722,52
4723,26
4724,52
4725,5
4726,17
4727,44
4728,23
4729,58
4730,53
4731,60
4732,54
4733,56
4734,31
4735,33
4736,50
4737,37
4738,49
4739,23
4740,9
4741,7
4742,10
4743,27
4744,29
4745,46
4746,31
4747,29
4748,55
4749,46
4750,49
4751,53
4752,45
4753,54
4754,19
4755,23
4756,36
4757,30
4758,40
4759,5
4760,45
4761,32
4762,45
4763,23
4764,48
4765,36
4766,14
4767,30
4768,48
4769,57
4770,32
4771,30
4772,50
4773,54
4774,58
4775,42
4776,51
4777,43
4778,24
4779,35
4780,40
4781,28
4782,24
4783,31
4784,57
4785,42
4786,46
4787,54
4788,15
4789,27
4790,7
4791,32
4792,33
4793,33
4794,24
4795,9
4796,48
4797,19
4798,26
4799,19
4800,29
4801,6
4802,44
4803,26
4804,14
4805,16
4806,57
4807,36
4808,9
4809,54
4810,11
4811,16
4812,43
4813,7
4814,19
4815,46
4816,16
4817,5
4818,46
4819,38
4820,48
4821,32
4822,48
4823,32
4824,16
4825,23
4826,30
4827,33
4828,24
4829,39
4830,7
4831,15
4832,35
4833,15
4834,11
4835,47
4836,12
4837,35
4838,57
4839,51
4840,23
4841,51
4842,56
4843,24
4844,24
4845,30
4846,7
4847,42
4848,57
4849,22
4850,26
4851,53
4852,34
4853,9
4854,8
4855,53
4856,46
4857,50
4858,58
4859,23
4860,19
4861,34
4862,45
4863,24
4864,40
4865,18
4866,29
4867,9
4868,32
4869,7
4870,7
4871,55
4872,10
4873,28
4874,5
4875,23
4876,24
4877,8
4878,5
4879,7
4880,44
4881,7
4882,14
4883,60
4884,43
4885,60
4886,15
4887,35
4888,46
4889,10
4890,42
4891,13
4892,6
4893,52
4894,40
4895,13
4896,55
4897,11
4898,9
4899,50
4900,9
4901,43
4902,54
4903,47
4904,12
4905,17
4906,57
4907,11
4908,36
4909,32
4910,10
4911,12
4912,35
4913,50
4914,60
4915,33
4916,37
4917,51
4918,15
4919,39
4920,11
4921,13
4922,59
4923,28
4924,51
4925,59
4926,32
4927,37
4928,13
4929,10
4930,45
4931,37
4932,7
4933,51
4934,40
4935,20
4936,11
4937,51
4938,55
4939,29
4940,28
4941,38
4942,25
4943,40
4944,49
4945,41
4946,39
4947,30
4948,24
4949,20
4950,41
4951,49
4952,10
4953,14
4954,43
4955,30
4956,59
4957,54
4958,28
4959,52
4960,23
4961,27
4962,37
4963,28
4964,6
4965,5
4966,5
4967,14
4968,21
4969,52
4970,48
4971,49
4972,18
4973,46
4974,13
4975,16
4976,12
4977,58
4978,36
4979,52
4980,35
4981,47
4982,13
4983,22
4984,21
4985,57
4986,13
4987,60
4988,7
4989,16
4990,47
4991,27
4992,57
4993,52
4994,25
4995,17
4996,45
4997,11
4998,37
4999,55
5000,36
5001,14
5002,45
5003,21
5004,25
5005,17
5006,45
5007,12
5008,44
5009,47
5010,49
5011,20
5012,27
5013,56
5014,30
5015,54
5016,11
5017,22
5018,54
5019,29
5020,40
5021,27
5022,7
5023,45
5024,26
5025,19
5026,30
5027,7
5028,53
5029,31
5030,39
5031,22
5032,54
5033,56
5034,15
5035,21
5036,7
5037,52
5038,22
5039,51
5040,10
5041,26
5042,46
5043,31
5044,5
5045,54
5046,48
5047,22
5048,19
5049,46
5050,57
5051,60
5052,54
5053,50
5054,16
5055,21
5056,28
5057,57
5058,38
5059,45
5060,12
5061,15
5062,36
5063,17
5064,60
5065,41
5066,44
5067,42
5068,9
5069,31
5070,23
5071,57
5072,49
5073,48
5074,7
5075,21
5076,5
5077,6
5078,56
5079,43
5080,15
5081,26
5082,16
5083,30
5084,19
5085,42
5086,40
5087,57
5088,17
5089,7
5090,46
5091,39
5092,53
5093,59
5094,17
5095,34
5096,39
5097,47
5098,33
5099,42
5100,44
5101,26
5102,57
5103,27
5104,28
5105,12
5106,54
5107,55
5108,6
5109,31
5110,28
5111,16
5112,35
5113,60
5114,19
5115,51
5116,48
5117,51
5118,60
5119,45
5120,56
5121,52
5122,51
5123,45
5124,29
5125,53
5126,43
5127,5
5128,47
5129,60
5130,17
5131,44
5132,52
5133,36
5134,31
5135,53
5136,30
5137,15
5138,14
5139,48
5140,32
5141,29
5142,33
5143,57
5144,52
5145,51
5146,46
5147,52
5148,18
5149,21
5150,9
5151,49
5152,15
5153,41
5154,5
5155,24
5156,52
5157,16
5158,11
5159,14
5160,21
5161,16
5162,30
5163,21
5164,38
5165,46
5166,31
5167,25
5168,39
5169,51
5170,32
5171,36
5172,34
5173,12
5174,21
5175,43
5176,25
5177,21
5178,21
5179,51
5180,23
5181,29
5182,43
5183,37
5184,6
5185,36
5186,46
5187,37
5188,37
5189,17
5190,32
5191,22
5192,51
5193,46
5194,53
5195,31
5196,51
5197,7
5198,6
5199,31
5200,40
5201,10
5202,56
5203,22
5204,50
5205,56
5206,6
5207,6
5208,36
5209,48
5210,56
5211,29
5212,39
5213,27
5214,40
5215,35
5216,38
5217,33
5218,40
5219,52
5220,51
5221,50
5222,35
5223,42
5224,16
5225,56
5226,42
5227,53
5228,6
5229,43
5230,27
5231,18
5232,24
5233,32
5234,9
5235,19
5236,11
5237,15
5238,55
5239,43
5240,34
5241,45
5242,13
5243,36
5244,25
5245,59
5246,33
5247,60
5248,49
5249,14
5250,36
5251,55
5252,59
5253,21
5254,36
5255,26
5256,50
5257,38
5258,51
5259,56
5260,19
5261,54
5262,7
5263,28
5264,37
5265,21
5266,30
5267,57
5268,39
5269,46
5270,43
5271,11
5272,24
5273,13
5274,37
5275,13
5276,14
5277,9
5278,26
5279,17
5280,7
5281,6
5282,36
5283,35
5284,9
5285,41
5286,38
5287,8
5288,13
5289,45
5290,34
5291,41
5292,13
5293,41
5294,21
5295,10
5296,24
5297,27
5298,13
5299,34
5300,28
5301,7
5302,26
5303,11
5304,11
5305,44
5306,48
5307,12
5308,24
5309,47
5310,24
5311,42
5312,28
5313,16
5314,54
5315,5
5316,47
5317,53
5318,35
5319,30
5320,30
5321,45
5322,18
5323,10
5324,31
5325,59
5326,22
5327,36
5328,32
5329,47
5330,36
5331,29
5332,14
5333,32
5334,56
5335,18
5336,53
5337,32
5338,45
5339,54
5340,17
5341,22
5342,9
5343,56
5344,13
5345,34
5346,25
5347,28
5348,23
5349,56
5350,56
5351,33
5352,26
5353,20
5354,15
5355,34
5356,13
5357,50
5358,26
5359,56
5360,19
5361,36
5362,14
5363,11
5364,39
5365,42
5366,43
5367,33
5368,51
5369,25
5370,16
5371,10
5372,47
5373,25
5374,15
5375,22
5376,27
5377,47
5378,50
5379,12
5380,12
5381,29
5382,25
5383,53
5384,25
5385,24
5386,26
5387,59
5388,53
5389,60
5390,5
5391,17
5392,47
5393,46
5394,24
5395,45
5396,16
5397,15
5398,59
5399,40
5400,15
5401,35
5402,20
5403,10
5404,50
5405,38
5406,21
5407,50
5408,11
5409,8
5410,29
5411,52
5412,10
5413,30
5414,34
5415,36
5416,47
5417,14
5418,50
5419,14
5420,8
5421,12
5422,14
5423,45
5424,12
5425,58
5426,30
5427,43
5428,11
5429,23
5430,10
5431,41
5432,42
5433,11
5434,18
5435,59
5436,52
5437,24
5438,59
5439,57
5440,30
5441,16
5442,38
5443,33
5444,49
5445,22
5446,53
5447,26
5448,45
5449,16
5450,46
5451,56
5452,30
5453,21
5454,16
5455,15
5456,57
5457,51
5458,10
5459,18
5460,45
5461,38
5462,57
5463,54
5464,27
5465,48
5466,52
5467,34
5468,60
5469,47
5470,58
5471,10
5472,26
5473,38
5474,32
5475,56
5476,55
5477,24
5478,34
5479,56
5480,8
5481,13
5482,27
5483,16
5484,36
5485,19
5486,19
5487,9
5488,13
5489,53
5490,33
5491,32
5492,11
5493,28
5494,53
5495,19
5496,12
5497,25
5498,13
5499,17
5500,20
5501,44
5502,40
5503,25
5504,47
5505,36
5506,60
5507,26
5508,42
5509,45
5510,59
5511,35
5512,37
5513,47
5514,22
5515,54
5516,23
5517,6
5518,44
5519,48
5520,44
5521,16
5522,22
5523,17
5524,37
5525,40
5526,50
5527,58
5528,12
5529,24
5530,33
5531,16
5532,12
5533,8
5534,34
5535,38
5536,38
5537,40
5538,44
5539,41
5540,39
5541,52
5542,47
5543,29
5544,60
5545,31
5546,25
5547,43
5548,55
5549,26
5550,19
5551,26
5552,36
5553,14
5554,38
5555,51
5556,52
5557,59
5558,6
5559,52
5560,35
5561,56
5562,13
5563,5
5564,10
5565,40
5566,59
5567,6
5568,59
5569,13
5570,53
5571,60
5572,12
5573,8
5574,25
5575,24
5576,47
5577,17
5578,54
5579,9
5580,48
5581,8
5582,53
5583,19
5584,51
5585,16
5586,55
5587,28
5588,29
5589,46
5590,38
5591,44
5592,48
5593,28
5594,31
5595,18
5596,30
5597,51
5598,7
5599,43
5600,52
5601,19
5602,41
5603,5
5604,33
5605,52
5606,5
5607,31
5608,14
5609,54
5610,17
5611,9
5612,42
5613,45
5614,13
5615,55
5616,25
5617,53
5618,22
5619,23
5620,54
5621,33
5622,26
5623,38
5624,31
5625,36
5626,26
5627,56
5628,22
5629,38
5630,60
5631,24
5632,33
5633,55
5634,39
5635,26
5636,30
5637,47
5638,26
5639,30
5640,53
5641,22
5642,49
5643,5
5644,18
5645,58
5646,50
5647,34
5648,53
5649,24
5650,30
5651,32
5652,52
5653,52
5654,57
5655,59
5656,57
5657,48
5658,13
5659,16
5660,35
5661,17
5662,15
5663,44
5664,17
5665,9
5666,60
5667,22
5668,37
5669,58
5670,37
5671,15
5672,42
5673,59
5674,16
5675,47
5676,36
5677,12
5678,35
5679,20
5680,32
5681,16
5682,12
5683,58
5684,8
5685,38
5686,7
5687,49
5688,52
5689,10
5690,55
5691,52
5692,51
5693,11
5694,42
5695,13
5696,14
5697,41
5698,18
5699,46
5700,27
5701,28
5702,11
5703,11
5704,29
5705,36
5706,13
5707,26
5708,41
5709,38
5710,18
5711,43
5712,19
5713,53
5714,43
5715,41
5716,33
5717,43
5718,23
5719,11
5720,13
5721,31
5722,58
5723,11
5724,52
5725,17
5726,50
5727,13
5728,16
5729,49
5730,22
5731,22
5732,55
5733,48
5734,25
5735,15
5736,33
5737,50
5738,26
5739,39
5740,11
5741,53
5742,10
5743,30
5744,5
5745,8
5746,17
5747,26
5748,32
5749,20
5750,56
5751,26
5752,32
5753,42
5754,12
5755,26
5756,9
5757,35
5758,43
5759,36
5760,24
5761,20
5762,29
5763,60
5764,50
5765,8
5766,27
5767,26
5768,15
5769,10
5770,40
5771,22
5772,34
5773,5
5774,55
5775,56
5776,44
5777,45
5778,15
5779,59
5780,14
5781,52
5782,40
5783,41
5784,26
5785,48
5786,52
5787,34
5788,59
5789,60
5790,49
5791,9
5792,55
5793,29
5794,57
5795,22
5796,34
5797,23
5798,6
5799,30
5800,59
5801,6
5802,56
5803,34
5804,56
5805,12
5806,13
5807,56
5808,57
5809,24
5810,26
5811,24
5812,43
5813,14
5814,36
5815,56
5816,33
5817,5
5818,43
5819,25
5820,14
5821,31
5822,56
5823,6
5824,24
5825,59
5826,16
5827,41
5828,56
5829,56
5830,15
5831,10
5832,31
5833,60
5834,53
5835,37
5836,60
5837,33
5838,60
5839,57
5840,39
5841,46
5842,54
5843,13
5844,31
5845,57
5846,26
5847,13
5848,49
5849,40
5850,28
5851,42
5852,15
5853,57
5854,10
5855,10
5856,20
5857,12
5858,17
5859,35
5860,50
5861,59
5862,46
5863,17
5864,6
5865,55
5866,59
5867,29
5868,26
5869,21
5870,27
5871,42
5872,21
5873,33
5874,38
5875,52
5876,7
5877,24
5878,60
5879,33
5880,32
5881,59
5882,19
5883,53
5884,52
5885,52
5886,35
5887,5
5888,38
5889,57
5890,43
5891,51
5892,30
5893,50
5894,56
5895,59
5896,56
5897,26
5898,18
5899,41
5900,27
5901,23
5902,56
5903,15
5904,16
5905,51
5906,50
5907,22
5908,17
5909,56
5910,12
5911,27
5912,52
5913,29
5914,14
5915,24
5916,56
5917,21
5918,50
5919,44
5920,57
5921,15
5922,60
5923,30
5924,6
5925,47
5926,57
5927,9
5928,57
5929,16
5930,29
5931,31
5932,10
5933,9
5934,48
5935,41
5936,20
5937,39
5938,9
5939,18
5940,25
5941,52
5942,33
5943,40
5944,50
5945,43
5946,55
5947,11
5948,54
5949,15
5950,56
5951,15
5952,54
5953,43
5954,42
5955,43
5956,8
5957,60
5958,33
5959,54
5960,21
5961,18
5962,39
5963,8
5964,36
5965,9
5966,6
5967,46
5968,8
5969,43
5970,17
5971,15
5972,36
5973,53
5974,47
5975,17
5976,38
5977,23
5978,41
5979,52
5980,41
5981,10
5982,14
5983,28
5984,59
5985,39
5986,56
5987,55
5988,5
5989,44
5990,26
5991,46
5992,24
5993,39
5994,55
5995,19
5996,42
5997,24
5998,5
5999,41
6000,31
6001,27
6002,9
6003,26
6004,22
6005,57
6006,54
6007,27
6008,57
6009,11
6010,24
6011,41
6012,14
6013,27
6014,7
6015,51
6016,5
6017,58
6018,46
6019,43
6020,57
6021,30
6022,5
6023,32
6024,19
6025,57
6026,32
6027,41
6028,34
6029,23
6030,57
6031,5
6032,16
6033,49
6034,41
6035,34
6036,39
6037,9
6038,46
6039,54
6040,5
6041,47
6042,7
6043,56
6044,10
6045,13
6046,30
6047,29
6048,43
6049,16
6050,51
6051,19
6052,46
6053,40
6054,11
6055,6
6056,60
6057,7
6058,30
6059,30
6060,57
6061,23
6062,15
6063,58
6064,29
6065,6
6066,47
6067,25
6068,45
6069,31
6070,38
6071,17
6072,37
6073,56
6074,27
6075,43
6076,20
6077,48
6078,7
6079,31
6080,36
6081,37
6082,45
6083,8
6084,58
6085,58
6086,17
6087,26
6088,34
6089,51
6090,16
6091,41
6092,17
6093,18
6094,7
6095,17
6096,12
6097,23
6098,53
6099,25
6100,26
6101,51
6102,24
6103,55
6104,14
6105,16
6106,41
6107,51
6108,31
6109,22
6110,8
6111,29
6112,56
6113,56
6114,12
6115,53
6116,41
6117,55
6118,59
6119,36
6120,15
6121,55
6122,29
6123,55
6124,19
6125,31
6126,53
6127,29
6128,13
6129,40
6130,45
6131,33
6132,44
6133,49
6134,57
6135,28
6136,7
6137,46
6138,44
6139,38
6140,19
6141,18
6142,37
6143,30
6144,36
6145,19
6146,41
6147,51
6148,10
6149,39
6150,12
6151,14
6152,15
6153,24
6154,6
6155,25
6156,12
6157,13
6158,44
6159,45
6160,38
6161,44
6162,55
6163,16
6164,39
6165,31
6166,21
6167,5
6168,53
6169,55
6170,28
6171,13
6172,7
6173,37
6174,18
6175,50
6176,33
6177,47
6178,44
6179,22
6180,54
6181,31
6182,60
6183,54
6184,8
6185,53
6186,20
6187,42
6188,22
6189,17
6190,26
6191,47
6192,11
6193,49
6194,58
6195,22
6196,36
6197,28
6198,58
6199,23
6200,8
6201,21
6202,49
6203,11
6204,27
6205,23
6206,17
6207,26
6208,19
6209,20
6210,58
6211,17
6212,17
6213,48
6214,29
6215,12
6216,39
6217,21
6218,47
6219,15
6220,27
6221,30
6222,6
6223,39
6224,47
6225,7
6226,39
6227,32
6228,48
6229,12
6230,21
6231,56
6232,50
6233,17
6234,37
6235,24
6236,52
6237,10
6238,11
6239,37
6240,32
6241,48
6242,40
6243,27
6244,16
6245,14
6246,56
6247,12
6248,23
6249,51
6250,59
6251,56
6252,52
6253,53
6254,23
6255,16
6256,36
6257,23
6258,20
6259,59
6260,39
6261,42
6262,49
6263,20
6264,9
6265,35
6266,56
6267,17
6268,27
6269,32
6270,22
6271,25
6272,11
6273,55
6274,13
6275,34
6276,57
6277,45
6278,27
6279,37
6280,13
6281,9
6282,54
6283,34
6284,30
6285,54
6286,35
6287,25
6288,57
6289,44
6290,24
6291,35
6292,14
6293,23
6294,7
6295,31
6296,49
6297,56
6298,9
6299,34
6300,42
6301,16
6302,9
6303,53
6304,12
6305,60
6306,30
6307,19
6308,23
6309,45
6310,11
6311,32
6312,45
6313,42
6314,23
6315,39
6316,6
6317,41
6318,8
6319,30
6320,52
6321,31
6322,38
6323,28
6324,19
6325,54
6326,20
6327,15
6328,46
6329,46
6330,11
6331,12
6332,39
6333,43
6334,14
6335,23
6336,27
6337,36
6338,37
6339,20
6340,32
6341,54
6342,14
6343,43
6344,43
6345,16
6346,26
6347,16
6348,53
6349,47
6350,60
6351,6
6352,26
6353,14
6354,11
6355,37
6356,25
6357,43
6358,20
6359,11
6360,52
6361,52
6362,40
6363,11
6364,52
6365,48
6366,35
6367,38
6368,44
6369,49
6370,36
6371,23
6372,26
6373,44
6374,10
6375,18
6376,7
6377,45
6378,30
6379,21
6380,37
6381,50
6382,26
6383,19
6384,42
6385,26
6386,21
6387,51
6388,55
6389,52
6390,49
6391,9
6392,56
6393,58
6394,33
6395,56
6396,13
6397,7
6398,47
6399,11
6400,33
6401,50
6402,22
6403,53
6404,26
6405,21
6406,33
6407,6
6408,26
6409,51
6410,25
6411,45
6412,20
6413,57
6414,27
6415,51
6416,28
6417,27
6418,50
6419,29
6420,17
6421,6
6422,30
6423,45
6424,42
6425,39
6426,24
6427,30
6428,55
6429,43
6430,6
6431,39
6432,59
6433,12
6434,25
6435,6
6436,32
6437,14
6438,10
6439,58
6440,13
6441,8
6442,47
6443,40
6444,23
6445,17
6446,53
6447,46
6448,28
6449,20
6450,41
6451,10
6452,53
6453,19
6454,47
6455,32
6456,25
6457,46
6458,45
6459,49
6460,45
6461,23
6462,6
6463,9
6464,34
6465,22
6466,45
6467,29
6468,18
6469,15
6470,51
6471,33
6472,5
6473,15
6474,60
6475,5
6476,15
6477,41
6478,48
6479,8
6480,10
6481,28
6482,54
6483,8
6484,47
6485,19
6486,60
6487,19
6488,36
6489,21
6490,24
6491,41
6492,55
6493,28
6494,52
6495,46
6496,39
6497,25
6498,46
6499,54
6500,49
6501,36
6502,44
6503,37
6504,57
6505,58
6506,54
6507,8
6508,20
6509,13
6510,52
6511,18
6512,19
6513,11
6514,13
6515,11
6516,7
6517,43
6518,40
6519,10
6520,42
6521,58
6522,51
6523,56
6524,44
6525,32
6526,34
6527,46
6528,33
6529,30
6530,5
6531,52
6532,44
6533,53
6534,45
6535,38
6536,45
6537,25
6538,50
6539,38
6540,18
6541,13
6542,44
6543,24
6544,40
6545,23
6546,48
6547,30
6548,43
6549,38
6550,53
6551,8
6552,34
6553,41
6554,41
6555,20
6556,30
6557,21
6558,40
6559,47
6560,24
6561,52
6562,12
6563,57
6564,25
6565,41
6566,50
6567,21
6568,49
6569,37
6570,22
6571,33
6572,33
6573,11
6574,42
6575,57
6576,24
6577,25
6578,49
6579,9
6580,50
6581,32
6582,60
6583,26
6584,52
6585,5
6586,56
6587,11
6588,58
6589,50
6590,26
6591,58
6592,42
6593,11
6594,40
6595,17
6596,41
6597,48
6598,47
6599,5
6600,6
6601,6
6602,24
6603,52
6604,34
6605,12
6606,38
6607,47
6608,6
6609,36
6610,52
6611,20
6612,22
6613,59
6614,37
6615,24
6616,55
6617,21
6618,17
6619,52
6620,30
6621,43
6622,33
6623,35
6624,24
6625,26
6626,5
6627,53
6628,59
6629,41
6630,54
6631,43
6632,43
6633,54
6634,23
6635,11
6636,26
6637,49
6638,10
6639,14
6640,29
6641,34
6642,21
6643,57
6644,27
6645,22
6646,44
6647,48
6648,52
6649,54
6650,19
6651,50
6652,16
6653,40
6654,34
6655,34
6656,21
6657,35
6658,11
6659,10
6660,48
6661,16
6662,40
6663,8
6664,54
6665,21
6666,28
6667,60
6668,26
6669,28
6670,8
6671,29
6672,47
6673,26
6674,16
6675,23
6676,35
6677,7
6678,39
6679,37
6680,24
6681,25
6682,22
6683,53
6684,44
6685,45
6686,25
6687,9
6688,57
6689,27
6690,58
6691,6
6692,56
6693,33
6694,58
6695,44
6696,16
6697,27
6698,44
6699,23
6700,49
6701,21
6702,36
6703,5
6704,33
6705,15
6706,20
6707,27
6708,19
6709,12
6710,60
6711,46
6712,8
6713,29
6714,33
6715,55
6716,29
6717,46
6718,60
6719,43
6720,58
6721,7
6722,25
6723,6
6724,48
6725,5
6726,34
6727,21
6728,18
6729,49
6730,16
6731,34
6732,11
6733,49
6734,54
6735,52
6736,30
6737,40
6738,8
6739,21
6740,11
6741,13
6742,8
6743,5
6744,21
6745,32
6746,38
6747,47
6748,54
6749,57
6750,42
6751,23
6752,56
6753,9
6754,26
6755,35
6756,42
6757,26
6758,21
6759,26
6760,19
6761,8
6762,52
6763,38
6764,20
6765,33
6766,38
6767,50
6768,6
6769,48
6770,57
6771,29
6772,25
6773,7
6774,38
6775,17
6776,50
6777,52
6778,12
6779,40
6780,20
6781,6
6782,57
6783,51
6784,39
6785,25
6786,14
6787,56
6788,50
6789,20
6790,41
6791,36
6792,39
6793,36
6794,32
6795,16
6796,33
6797,21
6798,16
6799,7
6800,28
6801,48
6802,23
6803,59
6804,59
6805,52
6806,26
6807,45
6808,22
6809,19
6810,30
6811,5
6812,8
6813,59
6814,54
6815,48
6816,11
6817,13
6818,43
6819,26
6820,41
6821,15
6822,6
6823,7
6824,55
6825,39
6826,15
6827,42
6828,14
6829,10
6830,13
6831,14
6832,40
6833,16
6834,31
6835,29
6836,6
6837,28
6838,23
6839,27
6840,54
6841,41
6842,53
6843,6
6844,20
6845,42
6846,5
6847,28
6848,54
6849,54
6850,28
6851,26
6852,10
6853,41
6854,48
6855,48
6856,28
6857,28
6858,9
6859,31
6860,17
6861,28
6862,41
6863,21
6864,56
6865,14
6866,18
6867,58
6868,38
6869,16
6870,43
6871,13
6872,57
6873,37
6874,55
6875,12
6876,25
6877,42
6878,42
6879,40
6880,45
6881,44
6882,11
6883,44
6884,15
6885,27
6886,21
6887,34
6888,21
6889,33
6890,16
6891,30
6892,31
6893,28
6894,11
6895,25
6896,14
6897,21
6898,59
6899,55
6900,16
6901,26
6902,33
6903,54
6904,10
6905,28
6906,55
6907,28
6908,22
6909,60
6910,47
6911,27
6912,57
6913,14
6914,31
6915,18
6916,17
6917,15
6918,42
6919,34
6920,43
6921,32
6922,47
6923,55
6924,42
6925,50
6926,20
6927,53
6928,5
6929,28
6930,13
6931,6
6932,33
6933,31
6934,41
6935,56
6936,11
6937,58
6938,8
6939,29
6940,23
6941,44
6942,49
6943,17
6944,32
6945,5
6946,60
6947,50
6948,44
6949,19
6950,30
6951,44
6952,36
6953,58
6954,36
6955,43
6956,32
6957,30
6958,30
6959,8
6960,24
6961,16
6962,15
6963,60
6964,58
6965,25
6966,12
6967,37
6968,44
6969,33
6970,15
6971,41
6972,60
6973,29
6974,19
6975,50
6976,13
6977,21
6978,6
6979,34
6980,55
6981,54
6982,25
6983,35
6984,60
6985,27
6986,37
6987,53
6988,19
6989,24
6990,41
6991,58
6992,6
6993,36
6994,49
6995,13
6996,22
6997,18
6998,28
6999,5
7000,60
7001,23
7002,44
7003,32
7004,51
7005,19
7006,5
7007,19
7008,59
7009,55
7010,43
7011,29
7012,13
7013,60
7014,21
7015,51
7016,45
7017,41
7018,56
7019,40
7020,17
7021,54
7022,13
7023,29
7024,41
7025,57
7026,47
7027,60
7028,52
7029,35
7030,28
7031,60
7032,57
7033,48
7034,35
7035,44
7036,50
7037,56
7038,13
7039,6
7040,52
7041,43
7042,30
7043,47
7044,57
7045,32
7046,27
7047,24
7048,56
7049,14
7050,23
7051,36
7052,21
7053,30
7054,50
7055,43
7056,20
7057,55
7058,58
7059,34
7060,56
7061,17
7062,49
7063,16
7064,36
7065,53
7066,34
7067,7
7068,52
7069,58
7070,52
7071,31
7072,17
7073,38
7074,23
7075,49
7076,60
7077,32
7078,11
7079,24
7080,22
7081,15
7082,14
7083,53
7084,18
7085,24
7086,13
7087,15
7088,27
7089,18
7090,60
7091,41
7092,42
7093,56
7094,15
7095,8
7096,11
7097,13
7098,21
7099,41
7100,23
7101,23
7102,16
7103,8
7104,22
7105,41
7106,58
7107,28
7108,11
7109,31
7110,21
7111,26
7112,50
7113,43
7114,40
7115,38
7116,45
7117,21
7118,59
7119,11
7120,40
7121,40
7122,56
7123,8
7124,6
7125,26
7126,51
7127,32
7128,43
7129,35
7130,55
7131,25
7132,47
7133,42
7134,56
7135,19
7136,12
7137,32
7138,31
7139,47
7140,10
7141,42
7142,60
7143,21
7144,60
7145,54
7146,39
7147,27
7148,51
7149,56
7150,14
7151,7
7152,5
7153,13
7154,29
7155,57
7156,28
7157,56
7158,6
7159,28
7160,56
7161,26
7162,38
7163,42
7164,58
7165,58
7166,56
7167,42
7168,30
7169,39
7170,50
7171,12
7172,11
7173,44
7174,40
7175,17
7176,18
7177,25
7178,46
7179,40
7180,30
7181,14
7182,7
7183,10
7184,7
7185,45
7186,27
7187,18
7188,31
7189,41
7190,49
7191,46
7192,12
7193,31
7194,18
7195,26
7196,10
7197,11
7198,51
7199,53
7200,55
7201,13
7202,22
7203,20
7204,47
7205,52
7206,15
7207,18
7208,59
7209,29
7210,32
7211,17
7212,59
7213,18
7214,5
7215,38
7216,22
7217,31
7218,50
7219,55
7220,18
7221,37
7222,11
7223,56
7224,53
7225,44
7226,28
7227,59
7228,45
7229,60
7230,26
7231,21
7232,37
7233,19
7234,36
7235,42
7236,18
7237,41
7238,8
7239,41
7240,47
7241,11
7242,21
7243,32
7244,46
7245,11
7246,55
7247,7
7248,11
7249,25
7250,26
7251,12
7252,44
7253,23
7254,11
7255,20
7256,60
7257,55
7258,24
7259,55
7260,41
7261,9
7262,11
7263,30
7264,35
7265,14
7266,25
7267,19
7268,13
7269,20
7270,13
7271,7
7272,50
7273,41
7274,8
7275,34
7276,35
7277,40
7278,40
7279,20
7280,32
7281,60
7282,20
7283,18
7284,44
7285,57
7286,11
7287,26
7288,16
7289,50
7290,23
7291,11
7292,33
7293,33
7294,17
7295,46
7296,35
7297,21
7298,55
7299,35
7300,17
7301,56
7302,33
7303,47
7304,15
7305,43
7306,18
7307,58
7308,41
7309,30
7310,27
7311,32
7312,21
7313,29
7314,15
7315,13
7316,51
7317,43
7318,39
7319,36
7320,12
7321,56
7322,20
7323,43
7324,27
7325,48
7326,59
7327,41
7328,22
7329,5
7330,24
7331,33
7332,60
7333,18
7334,30
7335,19
7336,23
7337,42
7338,25
7339,6
7340,28
7341,57
7342,7
7343,32
7344,51
7345,53
7346,6
7347,41
7348,55
7349,45
7350,40
7351,55
7352,6
7353,52
7354,8
7355,8
7356,31
7357,44
7358,24
7359,33
7360,26
7361,46
7362,6
7363,40
7364,29
7365,11
7366,31
7367,22
7368,55
7369,52
7370,7
7371,56
7372,26
7373,7
7374,8
7375,27
7376,46
7377,56
7378,48
7379,53
7380,47
7381,12
7382,44
7383,49
7384,52
7385,60
7386,5
7387,45
7388,38
7389,45
7390,11
7391,58
7392,41
7393,53
7394,39
7395,7
7396,18
7397,42
7398,42
7399,31
7400,57
7401,22
7402,11
7403,11
7404,16
7405,12
7406,60
7407,14
7408,40
7409,20
7410,19
7411,35
7412,43
7413,21
7414,30
7415,18
7416,8
7417,38
7418,38
7419,36
7420,59
7421,9
7422,60
7423,19
7424,13
7425,30
7426,49
7427,47
7428,34
7429,9
7430,20
7431,19
7432,60
7433,53
7434,12
7435,14
7436,32
7437,60
7438,48
7439,36
7440,31
7441,21
7442,43
7443,56
7444,17
7445,40
7446,7
7447,40
7448,49
7449,47
7450,29
7451,14
7452,49
7453,36
7454,52
7455,41
7456,56
7457,13
7458,8
7459,24
7460,29
7461,42
7462,35
7463,47
7464,34
7465,43
7466,52
7467,56
7468,31
7469,26
7470,54
7471,45
7472,60
7473,39
7474,19
7475,58
7476,9
7477,24
7478,60
7479,39
7480,37
7481,20
7482,26
7483,57
7484,51
7485,24
7486,20
7487,60
7488,37
7489,32
7490,22
7491,23
7492,55
7493,29
7494,25
7495,52
7496,25
7497,58
7498,58
7499,18
7500,58
7501,11
7502,24
7503,24
7504,17
7505,11
7506,20
7507,31
7508,39
7509,15
7510,25
7511,18
7512,31
7513,55
7514,34
7515,60
7516,59
7517,20
7518,22
7519,38
7520,28
7521,30
7522,60
7523,9
7524,42
7525,35
7526,33
7527,48
7528,11
7529,15
7530,45
7531,12
7532,56
7533,38
7534,56
7535,22
7536,21
7537,5
7538,29
7539,30
7540,17
7541,6
7542,43
7543,15
7544,55
7545,8
7546,31
7547,32
7548,26
7549,32
7550,56
7551,51
7552,29
7553,7
7554,22
7555,35
7556,47
7557,41
7558,42
7559,5
7560,10
7561,7
7562,14
7563,44
7564,40
7565,20
7566,15
7567,60
7568,51
7569,26
7570,32
7571,13
7572,37
7573,23
7574,53
7575,36
7576,20
7577,45
7578,9
7579,22
7580,14
7581,44
7582,17
7583,20
7584,13
7585,5
7586,50
7587,6
7588,33
7589,22
7590,24
7591,51
7592,38
7593,6
7594,29
7595,34
7596,56
7597,44
7598,54
7599,46
7600,15
7601,7
7602,15
7603,46
7604,60
7605,5
7606,38
7607,30
7608,27
7609,10
7610,60
7611,25
7612,6
7613,48
7614,34
7615,51
7616,37
7617,19
7618,21
7619,29
7620,8
7621,32
7622,60
7623,33
7624,36
7625,15
7626,58
7627,18
7628,45
7629,12
7630,60
7631,39
7632,38
7633,11
7634,38
7635,18
7636,45
7637,54
7638,50
7639,59
7640,52
7641,59
7642,40
7643,30
7644,25
7645,22
7646,19
7647,52
7648,43
7649,8
7650,25
7651,48
7652,22
7653,10
7654,50
7655,56
7656,43
7657,42
7658,58
7659,56
7660,16
7661,11
7662,34
7663,54
7664,6
7665,35
7666,27
7667,21
7668,32
7669,16
7670,7
7671,50
7672,38
7673,16
7674,59
7675,15
7676,32
7677,52
7678,50
7679,50
7680,54
7681,60
7682,51
7683,17
7684,24
7685,43
7686,39
7687,42
7688,8
7689,8
7690,19
7691,6
7692,41
7693,54
7694,59
7695,47
7696,53
7697,28
7698,56
7699,21
7700,34
7701,56
7702,51
7703,44
7704,23
7705,22
7706,38
7707,26
7708,28
7709,13
7710,9
7711,46
7712,33
7713,39
7714,12
7715,57
7716,51
7717,11
7718,14
7719,15
7720,26
7721,31
7722,18
7723,39
7724,21
7725,51
7726,27
7727,45
7728,27
7729,21
7730,37
7731,60
7732,52
7733,5
7734,38
7735,56
7736,9
7737,47
7738,31
7739,47
7740,12
7741,41
7742,57
7743,50
7744,31
7745,34
7746,55
7747,9
7748,52
7749,11
7750,51
7751,34
7752,58
7753,45
7754,14
7755,29
7756,52
7757,16
7758,31
7759,60
7760,40
7761,7
7762,27
7763,32
7764,22
7765,23
7766,14
7767,10
7768,45
7769,41
7770,33
7771,39
7772,25
7773,56
7774,43
7775,17
7776,40
7777,47
7778,55
7779,47
7780,47
7781,7
7782,58
7783,19
7784,33
7785,52
7786,51
7787,45
7788,37
7789,31
7790,13
7791,40
7792,39
7793,7
7794,51
7795,17
7796,23
7797,40
7798,18
7799,21
7800,8
7801,37
7802,28
7803,49
7804,51
7805,23
7806,29
7807,13
7808,7
7809,17
7810,44
7811,24
7812,58
7813,18
7814,33
7815,23
7816,5
7817,7
7818,32
7819,32
7820,40
7821,49
7822,5
7823,49
7824,15
7825,48
7826,11
7827,28
7828,31
7829,19
7830,60
7831,53
7832,22
7833,54
7834,30
7835,37
7836,27
7837,41
7838,14
7839,51
7840,10
7841,25
7842,18
7843,47
7844,7
7845,30
7846,60
7847,53
7848,29
7849,22
7850,26
7851,17
7852,37
7853,50
7854,53
7855,20
7856,41
7857,42
7858,41
7859,7
7860,55
7861,36
7862,55
7863,20
7864,18
7865,22
7866,15
7867,60
7868,16
7869,33
7870,19
7871,7
7872,10
7873,19
7874,30
7875,30
7876,32
7877,45
7878,53
7879,6
7880,14
7881,44
7882,23
7883,50
7884,56
7885,24
7886,46
7887,7
7888,41
7889,18
7890,24
7891,36
7892,29
7893,12
7894,44
7895,48
7896,56
7897,49
7898,27
7899,10
7900,47
7901,34
7902,28
7903,19
7904,44
7905,42
7906,7
7907,55
7908,11
7909,27
7910,47
7911,34
7912,59
7913,17
7914,24
7915,23
7916,52
7917,11
7918,54
7919,5
7920,9
7921,59
7922,47
7923,43
7924,32
7925,60
7926,17
7927,36
7928,18
7929,36
7930,57
7931,40
7932,48
7933,51
7934,30
7935,38
7936,35
7937,15
7938,14
7939,5
7940,38
7941,34
7942,9
7943,60
7944,31
7945,45
7946,49
7947,25
7948,51
7949,16
7950,10
7951,41
7952,54
7953,44
7954,26
7955,34
7956,44
7957,17
7958,50
7959,36
7960,48
7961,55
7962,31
7963,8
7964,15
7965,21
7966,23
7967,39
7968,23
7969,59
7970,47
7971,32
7972,54
7973,42
7974,5
7975,46
7976,36
7977,9
7978,35
7979,23
7980,51
7981,34
7982,48
7983,40
7984,28
7985,35
7986,44
7987,9
7988,46
7989,24
7990,18
7991,53
7992,31
7993,34
7994,27
7995,33
7996,46
7997,14
7998,54
7999,49
8000,35
8001,28
8002,9
8003,21
8004,46
8005,41
8006,18
8007,42
8008,13
8009,47
8010,38
8011,23
8012,46
8013,10
8014,16
8015,51
8016,5
8017,60
8018,40
8019,42
8020,51
8021,54
8022,48
8023,49
8024,39
8025,34
8026,56
8027,40
8028,35
8029,22
8030,16
8031,5
8032,57
8033,46
8034,32
8035,27
8036,24
8037,32
8038,8
8039,49
8040,7
8041,7
8042,20
8043,32
8044,54
8045,46
8046,10
8047,7
8048,29
8049,35
8050,43
8051,18
8052,12
8053,22
8054,6
8055,16
8056,35
8057,43
8058,8
8059,9
8060,6
8061,21
8062,14
8063,33
8064,53
8065,15
8066,57
8067,18
8068,20
8069,46
8070,19
8071,39
8072,47
8073,6
8074,8
8075,56
8076,33
8077,36
8078,26
8079,14
8080,46
8081,9
8082,8
8083,60
8084,47
8085,43
8086,8
8087,8
8088,45
8089,19
8090,60
8091,30
8092,54
8093,54
8094,21
8095,55
8096,5
8097,36
8098,21
8099,56
8100,11
8101,40
8102,14
8103,10
8104,28
8105,51
8106,25
8107,45
8108,38
8109,59
8110,46
8111,17
8112,59
8113,39
8114,48
8115,44
8116,56
8117,44
8118,55
8119,18
8120,40
8121,37
8122,24
8123,38
8124,20
8125,15
8126,16
8127,27
8128,9
8129,11
8130,23
8131,31
8132,32
8133,37
8134,21
8135,38
8136,14
8137,12
8138,28
8139,30
8140,12
8141,57
8142,16
8143,57
8144,8
8145,31
8146,40
8147,6
8148,41
8149,22
8150,47
8151,52
8152,41
8153,51
8154,25
8155,20
8156,53
8157,6
8158,8
8159,7
8160,6
8161,19
8162,55
8163,57
8164,25
8165,12
8166,45
8167,52
8168,57
8169,46
8170,49
8171,10
8172,23
8173,21
8174,34
8175,8
8176,53
8177,11
8178,32
8179,19
8180,21
8181,22
8182,54
8183,42
8184,43
8185,51
8186,48
8187,52
8188,12
8189,13
8190,39
8191,12
8192,28
8193,28
8194,55
8195,22
8196,28
8197,8
8198,9
8199,31
8200,23
8201,56
8202,28
8203,22
8204,60
8205,5
8206,13
8207,36
8208,26
8209,19
8210,18
8211,9
8212,32
8213,27
8214,39
8215,47
8216,9
8217,15
8218,16
8219,45
8220,44
8221,19
8222,58
8223,40
8224,10
8225,23
8226,50
8227,37
8228,53
8229,54
8230,29
8231,8
8232,45
8233,27
8234,18
8235,34
8236,42
8237,41
8238,17
8239,34
8240,37
8241,11
8242,33
8243,17
8244,27
8245,60
8246,43
8247,25
8248,26
8249,50
8250,49
8251,58
8252,43
8253,44
8254,60
8255,55
8256,6
8257,57
8258,32
8259,53
8260,46
8261,51
8262,11
8263,25
8264,29
8265,32
8266,28
8267,20
8268,13
8269,59
8270,28
8271,29
8272,29
8273,50
8274,40
8275,23
8276,50
8277,57
8278,49
8279,47
8280,17
8281,55
8282,18
8283,9
8284,56
8285,29
8286,58
8287,18
8288,16
8289,17
8290,8
8291,26
8292,56
8293,59
8294,29
8295,46
8296,9
8297,59
8298,11
8299,55
8300,43
8301,40
8302,44
8303,7
8304,28
8305,14
8306,15
8307,27
8308,34
8309,31
8310,26
8311,24
8312,54
8313,23
8314,25
8315,32
8316,52
8317,15
8318,33
8319,48
8320,13
8321,47
8322,34
8323,13
8324,31
8325,39
8326,45
8327,27
8328,25
8329,12
8330,6
8331,50
8332,14
8333,49
8334,27
8335,25
8336,47
8337,18
8338,12
8339,50
8340,23
8341,28
8342,44
8343,8
8344,11
8345,49
8346,33
8347,60
8348,45
8349,40
8350,60
8351,45
8352,44
8353,19
8354,6
8355,34
8356,35
8357,9
8358,20
8359,9
8360,18
8361,18
8362,46
8363,55
8364,43
8365,17
8366,27
8367,28
8368,5
8369,24
8370,49
8371,22
8372,59
8373,48
8374,5
8375,26
8376,44
8377,8
8378,27
8379,15
8380,31
8381,10
8382,51
8383,47
8384,32
8385,40
8386,49
8387,14
8388,47
8389,34
8390,35
8391,39
8392,47
8393,46
8394,25
8395,5
8396,28
8397,6
8398,10
8399,34
8400,36
8401,50
8402,5
8403,20
8404,38
8405,8
8406,48
8407,11
8408,29
8409,11
8410,31
8411,13
8412,59
8413,35
8414,41
8415,41
8416,24
8417,41
8418,29
8419,5
8420,60
8421,60
8422,39
8423,7
8424,41
8425,18
8426,15
8427,43
8428,16
8429,34
8430,16
8431,33
8432,17
8433,5
8434,37
8435,54
8436,7
8437,37
8438,35
8439,36
8440,29
8441,22
8442,58
8443,46
8444,53
8445,57
8446,34
8447,26
8448,44
8449,44
8450,39
8451,46
8452,45
8453,11
8454,53
8455,15
8456,41
8457,48
8458,46
8459,51
8460,46
8461,7
8462,33
8463,36
8464,35
8465,22
8466,32
8467,19
8468,53
8469,55
8470,7
8471,7
8472,51
8473,52
8474,25
8475,29
8476,36
8477,20
8478,43
8479,42
8480,6
8481,39
8482,45
8483,17
8484,41
8485,54
8486,26
8487,17
8488,49
8489,14
8490,55
8491,23
8492,39
8493,39
8494,49
8495,16
8496,32
8497,60
8498,44
8499,11
8500,49
8501,21
8502,29
8503,18
8504,9
8505,44
8506,28
8507,57
8508,30
8509,14
8510,54
8511,56
8512,48
8513,59
8514,31
8515,56
8516,39
8517,36
8518,11
8519,21
8520,32
8521,27
8522,55
8523,59
8524,28
8525,58
8526,54
8527,30
8528,27
8529,57
8530,53
8531,31
8532,47
8533,21
8534,5
8535,18
8536,34
8537,28
8538,18
8539,10
8540,25
8541,5
8542,29
8543,60
8544,31
8545,18
8546,42
8547,32
8548,20
8549,46
8550,45
8551,51
8552,49
8553,46
8554,47
8555,31
8556,25
8557,12
8558,6
8559,18
8560,45
8561,24
8562,9
8563,18
8564,24
8565,10
8566,18
8567,15
8568,20
8569,41
8570,49
8571,54
8572,32
8573,45
8574,25
8575,23
8576,57
8577,15
8578,20
8579,46
8580,38
8581,36
8582,5
8583,53
8584,13
8585,36
8586,46
8587,44
8588,9
8589,5
8590,24
8591,58
8592,33
8593,51
8594,22
8595,17
8596,37
8597,39
8598,13
8599,45
8600,59
8601,58
8602,48
8603,26
8604,24
8605,13
8606,16
8607,54
8608,25
8609,30
8610,50
8611,23
8612,27
8613,33
8614,35
8615,59
8616,31
8617,16
8618,43
8619,34
8620,18
8621,21
8622,53
8623,31
8624,46
8625,57
8626,32
8627,36
8628,8
8629,26
8630,55
8631,59
8632,36
8633,26
8634,45
8635,8
8636,25
8637,36
8638,28
8639,46
8640,45
8641,33
8642,9
8643,10
8644,58
8645,52
8646,59
8647,39
8648,23
8649,46
8650,23
8651,44
8652,32
8653,59
8654,26
8655,46
8656,46
8657,34
8658,12
8659,27
8660,48
8661,33
8662,46
8663,31
8664,39
8665,7
8666,30
8667,39
8668,27
8669,45
8670,5
8671,27
8672,54
8673,6
8674,42
8675,35
8676,37
8677,44
8678,32
8679,19
8680,48
8681,50
8682,8
8683,24
8684,37
8685,56
8686,39
8687,17
8688,43
8689,39
8690,18
8691,48
8692,12
8693,37
8694,30
8695,12
8696,40
8697,8
8698,21
8699,25
8700,26
8701,8
8702,33
8703,48
8704,51
8705,54
8706,14
8707,37
8708,42
8709,6
8710,43
8711,46
8712,56
8713,43
8714,44
8715,31
8716,21
8717,35
8718,22
8719,44
8720,52
8721,39
8722,48
8723,19
8724,23
8725,15
8726,20
8727,17
8728,36
8729,52
8730,20
8731,20
8732,54
8733,22
8734,57
8735,27
8736,17
8737,41
8738,50
8739,25
8740,14
8741,9
8742,55
8743,29
8744,17
8745,53
8746,18
8747,58
8748,44
8749,43
8750,18
8751,58
8752,29
8753,60
8754,15
8755,36
8756,49
8757,24
8758,44
8759,10
8760,52
8761,11
8762,54
8763,50
8764,24
8765,18
8766,6
8767,8
8768,27
8769,10
8770,33
8771,23
8772,24
8773,36
8774,29
8775,22
8776,19
8777,48
8778,40
8779,28
8780,38
8781,43
8782,11
8783,45
8784,25
8785,30
8786,28
8787,12
8788,39
8789,54
8790,14
8791,44
8792,35
8793,44
8794,59
8795,42
8796,29
8797,38
8798,27
8799,56
8800,22
8801,39
8802,14
8803,48
8804,13
8805,56
8806,9
8807,14
8808,10
8809,21
8810,7
8811,49
8812,46
8813,19
8814,46
8815,37
8816,27
8817,51
8818,29
8819,40
8820,27
8821,60
8822,52
8823,11
8824,49
8825,52
8826,55
8827,37
8828,50
8829,42
8830,51
8831,35
8832,6
8833,54
8834,17
8835,39
8836,56
8837,31
8838,6
8839,31
8840,47
8841,32
8842,42
8843,40
8844,40
8845,20
8846,11
8847,10
8848,60
8849,26
8850,31
8851,39
8852,24
8853,46
8854,18
8855,36
8856,34
8857,16
8858,45
8859,46
8860,47
8861,42
8862,42
8863,23
8864,38
8865,39
8866,35
8867,55
8868,28
8869,11
8870,58
8871,51
8872,5
8873,26
8874,53
8875,27
8876,34
8877,14
8878,39
8879,22
8880,8
8881,9
8882,33
8883,16
8884,55
8885,57
8886,36
8887,46
8888,24
8889,45
8890,37
8891,14
8892,15
8893,42
8894,9
8895,48
8896,20
8897,37
8898,48
8899,50
8900,15
8901,34
8902,7
8903,12
8904,56
8905,38
8906,27
8907,53
8908,26
8909,32
8910,27
8911,19
8912,12
8913,58
8914,31
8915,55
8916,52
8917,36
8918,51
8919,43
8920,42
8921,37
8922,10
8923,41
8924,43
8925,50
8926,42
8927,34
8928,24
8929,6
8930,26
8931,39
8932,35
8933,12
8934,47
8935,57
8936,47
8937,56
8938,40
8939,51
8940,24
8941,60
8942,11
8943,44
8944,55
8945,28
8946,7
8947,54
8948,42
8949,53
8950,16
8951,55
8952,24
8953,47
8954,60
8955,16
8956,26
8957,57
8958,35
8959,19
8960,29
8961,58
8962,26
8963,45
8964,58
8965,50
8966,39
8967,57
8968,5
8969,28
8970,26
8971,41
8972,33
8973,18
8974,34
8975,31
8976,41
8977,52
8978,55
8979,41
8980,25
8981,32
8982,32
8983,35
8984,17
8985,15
8986,35
8987,8
8988,54
8989,17
8990,7
8991,36
8992,59
8993,5
8994,15
8995,11
8996,15
8997,38
8998,18
8999,48
9000,52
9001,12
9002,48
9003,12
9004,59
9005,32
9006,17
9007,38
9008,6
9009,15
9010,29
9011,15
9012,12
9013,31
9014,60
9015,26
9016,37
9017,53
9018,19
9019,48
9020,34
9021,8
9022,12
9023,12
9024,17
9025,38
9026,11
9027,11
9028,40
9029,50
9030,10
9031,44
9032,10
9033,5
9034,16
9035,21
9036,34
9037,42
9038,38
9039,14
9040,24
9041,47
9042,23
9043,58
9044,41
9045,41
9046,44
9047,19
9048,25
9049,22
9050,53
9051,13
9052,51
9053,45
9054,36
9055,15
9056,26
9057,47
9058,17
9059,20
9060,13
9061,52
9062,44
9063,30
9064,35
9065,29
9066,8
9067,42
9068,16
9069,43
9070,55
9071,6
9072,23
9073,11
9074,57
9075,8
9076,32
9077,7
9078,14
9079,18
9080,24
9081,9
9082,47
9083,17
9084,6
9085,41
9086,33
9087,29
9088,32
9089,47
9090,35
9091,18
9092,22
9093,49
9094,48
9095,9
9096,50
9097,27
9098,36
9099,32
9100,26
9101,44
9102,59
9103,6
9104,47
9105,7
9106,59
9107,12
9108,42
9109,43
9110,35
9111,33
9112,17
9113,49
9114,60
9115,33
9116,37
9117,5
9118,21
9119,20
9120,7
9121,19
9122,58
9123,53
9124,25
9125,55
9126,51
9127,37
9128,22
9129,53
9130,7
9131,30
9132,28
9133,49
9134,18
9135,20
9136,17
9137,25
9138,6
9139,44
9140,50
9141,11
9142,8
9143,10
9144,19
9145,56
9146,27
9147,43
9148,51
9149,11
9150,39
9151,30
9152,22
9153,45
9154,17
9155,56
9156,16
9157,33
9158,33
9159,34
9160,19
9161,42
9162,10
9163,54
9164,37
9165,40
9166,16
9167,49
9168,12
9169,56
9170,26
9171,58
9172,42
9173,16
9174,9
9175,50
9176,21
9177,50
9178,53
9179,32
9180,24
9181,18
9182,13
9183,11
9184,48
9185,20
9186,45
9187,18
9188,24
9189,21
9190,55
9191,8
9192,60
9193,11
9194,57
9195,14
9196,39
9197,36
9198,57
9199,21
9200,50
9201,13
9202,10
9203,12
9204,53
9205,17
9206,57
9207,44
9208,37
9209,20
9210,19
9211,13
9212,33
9213,17
9214,36
9215,60
9216,57
9217,44
9218,36
9219,11
9220,60
9221,28
9222,32
9223,39
9224,16
9225,5
9226,31
9227,46
9228,56
9229,41
9230,44
9231,13
9232,42
9233,50
9234,13
9235,49
9236,29
9237,28
9238,51
9239,38
9240,39
9241,17
9242,60
9243,50
9244,18
9245,27
9246,19
9247,44
9248,36
9249,57
9250,45
9251,8
9252,54
9253,31
9254,43
9255,48
9256,58
9257,34
9258,7
9259,39
9260,25
9261,17
9262,25
9263,58
9264,15
9265,6
9266,25
9267,57
9268,60
9269,36
9270,53
9271,9
9272,40
9273,55
9274,44
9275,54
9276,30
9277,57
9278,24
9279,41
9280,39
9281,16
9282,19
9283,47
9284,6
9285,35
9286,12
9287,49
9288,50
9289,18
9290,33
9291,23
9292,42
9293,24
9294,23
9295,5
9296,50
9297,44
9298,27
9299,22
9300,47
9301,10
9302,5
9303,43
9304,6
9305,34
9306,8
9307,14
9308,10
9309,8
9310,21
9311,24
9312,51
9313,9
9314,9
9315,57
9316,10
9317,19
9318,56
9319,42
9320,44
9321,7
9322,55
9323,58
9324,45
9325,25
9326,26
9327,43
9328,58
9329,55
9330,43
9331,34
9332,6
9333,39
9334,58
9335,48
9336,43
9337,51
9338,36
9339,51
9340,58
9341,30
9342,23
9343,59
9344,44
9345,6
9346,20
9347,27
9348,27
9349,58
9350,25
9351,15
9352,31
9353,17
9354,30
9355,8
9356,56
9357,6
9358,22
9359,54
9360,43
9361,39
9362,18
9363,59
9364,24
9365,14
9366,43
9367,5
9368,51
9369,30
9370,57
9371,21
9372,20
9373,6
9374,7
9375,44
9376,16
9377,52
9378,33
9379,43
9380,14
9381,58
9382,19
9383,58
9384,44
9385,51
9386,57
9387,26
9388,24
9389,46
9390,30
9391,37
9392,49
9393,54
9394,9
9395,37
9396,35
9397,19
9398,22
9399,21
9400,7
9401,59
9402,28
9403,41
9404,24
9405,55
9406,41
9407,21
9408,19
9409,49
9410,24
9411,26
9412,38
9413,57
9414,23
9415,22
9416,29
9417,36
9418,12
9419,49
9420,9
9421,31
9422,17
9423,46
9424,16
9425,48
9426,57
9427,48
9428,57
9429,18
9430,22
9431,60
9432,28
9433,46
9434,38
9435,33
9436,46
9437,33
9438,49
9439,44
9440,54
9441,31
9442,18
9443,54
9444,39
9445,33
9446,59
9447,26
9448,11
9449,52
9450,18
9451,44
9452,35
9453,24
9454,42
9455,53
9456,11
9457,58
9458,6
9459,7
9460,9
9461,48
9462,49
9463,49
9464,55
9465,19
9466,40
9467,32
9468,46
9469,25
9470,37
9471,11
9472,10
9473,35
9474,23
9475,51
9476,36
9477,34
9478,8
9479,24
9480,39
9481,46
9482,40
9483,60
9484,35
9485,28
9486,44
9487,35
9488,13
9489,47
9490,39
9491,19
9492,45
9493,8
9494,33
9495,41
9496,20
9497,20
9498,42
9499,19
9500,48
9501,7
9502,23
9503,12
9504,29
9505,26
9506,31
9507,27
9508,14
9509,42
9510,29
9511,34
9512,13
9513,31
9514,15
9515,19
9516,7
9517,28
9518,34
9519,58
9520,47
9521,34
9522,12
9523,48
9524,26
9525,21
9526,43
9527,13
9528,51
9529,50
9530,24
9531,7
9532,17
9533,38
9534,23
9535,21
9536,20
9537,10
9538,34
9539,12
9540,39
9541,36
9542,52
9543,25
9544,60
9545,16
9546,24
9547,37
9548,11
9549,5
9550,18
9551,19
9552,28
9553,39
9554,60
9555,16
9556,28
9557,56
9558,26
9559,19
9560,24
9561,17
9562,60
9563,45
9564,37
9565,53
9566,8
9567,48
9568,29
9569,21
9570,23
9571,29
9572,22
9573,10
9574,45
9575,8
9576,5
9577,42
9578,57
9579,13
9580,19
9581,40
9582,5
9583,39
9584,51
9585,13
9586,42
9587,57
9588,44
9589,23
9590,47
9591,16
9592,15
9593,42
9594,36
9595,7
9596,46
9597,36
9598,43
9599,24
9600,60
9601,40
9602,20
9603,48
9604,50
9605,48
9606,27
9607,12
9608,56
9609,18
9610,58
9611,19
9612,14
9613,14
9614,22
9615,38
9616,35
9617,24
9618,33
9619,23
9620,17
9621,26
9622,18
9623,13
9624,34
9625,35
9626,55
9627,15
9628,37
9629,19
9630,53
9631,32
9632,29
9633,22
9634,18
9635,27
9636,46
9637,24
9638,34
9639,48
9640,13
9641,49
9642,32
9643,29
9644,33
9645,31
9646,51
9647,18
9648,44
9649,8
9650,21
9651,41
9652,38
9653,52
9654,8
9655,47
9656,35
9657,41
9658,60
9659,8
9660,31
9661,44
9662,43
9663,16
9664,6
9665,5
9666,43
9667,21
9668,16
9669,9
9670,57
9671,7
9672,22
9673,26
9674,6
9675,50
9676,24
9677,59
9678,30
9679,11
9680,29
9681,31
9682,52
9683,26
9684,53
9685,18
9686,49
9687,58
9688,55
9689,20
9690,15
9691,60
9692,43
9693,33
9694,57
9695,29
9696,25
9697,57
9698,33
9699,39
9700,52
9701,14
9702,57
9703,41
9704,11
9705,52
9706,54
9707,23
9708,33
9709,44
9710,59
9711,12
9712,13
9713,55
9714,24
9715,39
9716,20
9717,46
9718,37
9719,26
9720,54
9721,48
9722,31
9723,41
9724,26
9725,54
9726,9
9727,28
9728,36
9729,5
9730,12
9731,14
9732,13
9733,47
9734,21
9735,22
9736,13
9737,56
9738,20
9739,15
9740,27
9741,26
9742,48
9743,37
9744,19
9745,60
9746,53
9747,20
9748,42
9749,7
9750,59
9751,37
9752,47
9753,17
9754,39
9755,36
9756,58
9757,28
9758,16
9759,30
9760,35
9761,36
9762,18
9763,57
9764,33
9765,39
9766,29
9767,49
9768,24
9769,19
9770,12
9771,38
9772,51
9773,34
9774,55
9775,31
9776,44
9777,59
9778,51
9779,22
9780,25
9781,10
9782,11
9783,54
9784,14
9785,46
9786,58
9787,19
9788,36
9789,39
9790,16
9791,8
9792,34
9793,16
9794,38
9795,52
9796,35
9797,13
9798,6
9799,20
9800,16
9801,17
9802,43
9803,7
9804,26
9805,27
9806,54
9807,35
9808,24
9809,55
9810,26
9811,41
9812,26
9813,25
9814,10
9815,24
9816,45
9817,30
9818,9
9819,49
9820,54
9821,36
9822,44
9823,45
9824,25
9825,42
9826,27
9827,55
9828,32
9829,11
9830,52
9831,12
9832,48
9833,6
9834,14
9835,39
9836,41
9837,28
9838,56
9839,20
9840,6
9841,10
9842,40
9843,11
9844,47
9845,24
9846,32
9847,29
9848,23
9849,58
9850,25
9851,35
9852,8
9853,53
9854,20
9855,22
9856,49
9857,26
9858,31
9859,55
9860,60
9861,25
9862,8
9863,10
9864,9
9865,7
9866,25
9867,60
9868,41
9869,58
9870,13
9871,52
9872,8
9873,24
9874,42
9875,54
9876,21
9877,56
9878,43
9879,59
9880,56
9881,51
9882,58
9883,19
9884,46
9885,38
9886,56
9887,25
9888,40
9889,18
9890,57
9891,18
9892,13
9893,44
9894,33
9895,29
9896,57
9897,57
9898,50
9899,14
9900,10
9901,21
9902,52
9903,51
9904,51
9905,29
9906,59
9907,25
9908,48
9909,26
9910,23
9911,45
9912,32
9913,26
9914,56
9915,46
9916,17
9917,45
9918,59
9919,6
9920,55
9921,53
9922,56
9923,46
9924,32
9925,14
9926,25
9927,9
9928,13
9929,19
9930,38
9931,13
9932,35
9933,24
9934,42
9935,7
9936,33
9937,50
9938,33
9939,39
9940,14
9941,46
9942,37
9943,59
9944,29
9945,10
9946,43
9947,59
9948,43
9949,20
9950,57
9951,34
9952,45
9953,31
9954,40
9955,25
9956,40
9957,19
9958,7
9959,57
9960,6
9961,22
9962,44
9963,30
9964,49
9965,14
9966,19
9967,19
9968,46
9969,56
9970,59
9971,44
9972,31
9973,60
9974,43
9975,60
9976,37
9977,60
9978,53
9979,16
9980,14
9981,47
9982,8
9983,52
9984,20
9985,11
9986,42
9987,5
9988,20
9989,42
9990,12
9991,9
9992,46
9993,7
9994,17
9995,20
9996,14
9997,18
9998,26
9999,31
